strategy,country,index,track,CAGR,MaxDD,Calmar,Sharpe,n_trades,qualified
12-Month Momentum (Monthly Rebalance),Australia,ASX 200,Buy-and-Hold,0.036563,-0.365332,0.100083,0.315013,1,True
12-Month Momentum (Monthly Rebalance),Australia,ASX 200,Gross,-0.004513,-0.414771,-0.010881,0.01747,10,True
12-Month Momentum (Monthly Rebalance),Australia,ASX 200,Net-Discount,-0.009166,-0.432672,-0.021184,-0.018107,10,True
12-Month Momentum (Monthly Rebalance),Australia,ASX 200,Net-Full-Service,-0.015258,-0.48733,-0.031309,-0.061805,10,True
12-Month Momentum (Monthly Rebalance),Australia,ASX 200,Net-Tax,-0.009051,-0.431592,-0.020972,-0.017266,10,True
12-Month Momentum (Monthly Rebalance),Australia,All Ordinaries,Buy-and-Hold,0.03732,-0.370947,0.100606,0.322703,1,True
12-Month Momentum (Monthly Rebalance),Australia,All Ordinaries,Gross,0.00371,-0.371249,0.009993,0.089304,11,True
12-Month Momentum (Monthly Rebalance),Australia,All Ordinaries,Net-Discount,-0.000991,-0.394035,-0.002514,0.049814,11,True
12-Month Momentum (Monthly Rebalance),Australia,All Ordinaries,Net-Full-Service,-0.007117,-0.42849,-0.01661,0.002957,11,True
12-Month Momentum (Monthly Rebalance),Australia,All Ordinaries,Net-Tax,-0.000863,-0.393143,-0.002196,0.050832,11,True
12-Month Momentum (Monthly Rebalance),Brazil,Ibovespa,Buy-and-Hold,0.051922,-0.476713,0.108916,0.337729,1,True
12-Month Momentum (Monthly Rebalance),Brazil,Ibovespa,Gross,0.012745,-0.582473,0.021881,0.161759,13,True
12-Month Momentum (Monthly Rebalance),Brazil,Ibovespa,Net-Discount,0.011642,-0.588591,0.01978,0.155331,13,True
12-Month Momentum (Monthly Rebalance),Brazil,Ibovespa,Net-Full-Service,0.003529,-0.632321,0.005581,0.111368,13,True
12-Month Momentum (Monthly Rebalance),Brazil,Ibovespa,Net-Tax,0.01215,-0.585792,0.020742,0.158264,13,True
12-Month Momentum (Monthly Rebalance),Canada,S&P/TSX Composite,Buy-and-Hold,0.052466,-0.374265,0.140183,0.422731,1,True
12-Month Momentum (Monthly Rebalance),Canada,S&P/TSX Composite,Gross,0.024711,-0.386923,0.063865,0.272938,10,True
12-Month Momentum (Monthly Rebalance),Canada,S&P/TSX Composite,Net-Discount,0.017828,-0.404694,0.044053,0.208887,10,True
12-Month Momentum (Monthly Rebalance),Canada,S&P/TSX Composite,Net-Full-Service,0.013115,-0.438696,0.029896,0.16742,10,True
12-Month Momentum (Monthly Rebalance),Canada,S&P/TSX Composite,Net-Tax,0.01788,-0.404345,0.044219,0.209364,10,True
12-Month Momentum (Monthly Rebalance),China,Shanghai Composite,Buy-and-Hold,0.022187,-0.523355,0.042394,0.214718,1,True
12-Month Momentum (Monthly Rebalance),China,Shanghai Composite,Gross,0.021261,-0.518304,0.04102,0.221868,9,True
12-Month Momentum (Monthly Rebalance),China,Shanghai Composite,Net-Discount,0.02009,-0.522346,0.038462,0.213431,9,True
12-Month Momentum (Monthly Rebalance),China,Shanghai Composite,Net-Full-Service,0.019945,-0.522508,0.038171,0.212416,9,True
12-Month Momentum (Monthly Rebalance),China,Shanghai Composite,Net-Tax,0.021261,-0.518304,0.04102,0.221868,9,True
12-Month Momentum (Monthly Rebalance),China,Shenzhen Component,Buy-and-Hold,0.004478,-0.60881,0.007355,0.142408,1,True
12-Month Momentum (Monthly Rebalance),China,Shenzhen Component,Gross,0.025626,-0.576752,0.044431,0.238402,10,True
12-Month Momentum (Monthly Rebalance),China,Shenzhen Component,Net-Discount,0.024474,-0.585959,0.041768,0.231157,10,True
12-Month Momentum (Monthly Rebalance),China,Shenzhen Component,Net-Full-Service,0.024362,-0.586328,0.04155,0.230486,10,True
12-Month Momentum (Monthly Rebalance),China,Shenzhen Component,Net-Tax,0.025626,-0.576752,0.044431,0.238402,10,True
12-Month Momentum (Monthly Rebalance),France,CAC 40,Buy-and-Hold,0.038251,-0.385589,0.099202,0.287655,1,True
12-Month Momentum (Monthly Rebalance),France,CAC 40,Gross,0.005191,-0.430316,0.012062,0.107066,10,True
12-Month Momentum (Monthly Rebalance),France,CAC 40,Net-Discount,-0.009356,-0.522019,-0.017922,0.020731,10,True
12-Month Momentum (Monthly Rebalance),France,CAC 40,Net-Full-Service,-0.018152,-0.567067,-0.03201,-0.022646,10,True
12-Month Momentum (Monthly Rebalance),France,CAC 40,Net-Tax,-0.005019,-0.499646,-0.010045,0.0449,10,True
12-Month Momentum (Monthly Rebalance),Germany,DAX 40,Buy-and-Hold,0.072255,-0.387805,0.186318,0.447245,1,True
12-Month Momentum (Monthly Rebalance),Germany,DAX 40,Gross,0.033445,-0.504184,0.066336,0.296987,11,True
12-Month Momentum (Monthly Rebalance),Germany,DAX 40,Net-Discount,0.019772,-0.571887,0.034573,0.202018,11,True
12-Month Momentum (Monthly Rebalance),Germany,DAX 40,Net-Full-Service,0.019136,-0.575675,0.033242,0.19797,11,True
12-Month Momentum (Monthly Rebalance),Germany,DAX 40,Net-Tax,0.019808,-0.571562,0.034655,0.202252,11,True
12-Month Momentum (Monthly Rebalance),Germany,MDAX,Buy-and-Hold,0.062381,-0.399299,0.156225,0.409792,1,True
12-Month Momentum (Monthly Rebalance),Germany,MDAX,Gross,0.029125,-0.41181,0.070725,0.272022,13,True
12-Month Momentum (Monthly Rebalance),Germany,MDAX,Net-Discount,0.012125,-0.495257,0.024481,0.155679,13,True
12-Month Momentum (Monthly Rebalance),Germany,MDAX,Net-Full-Service,0.011284,-0.501528,0.0225,0.150732,13,True
12-Month Momentum (Monthly Rebalance),Germany,MDAX,Net-Tax,0.012167,-0.495006,0.024579,0.155927,13,True
12-Month Momentum (Monthly Rebalance),Germany,TecDAX,Buy-and-Hold,0.084311,-0.346007,0.243668,0.497103,1,True
12-Month Momentum (Monthly Rebalance),Germany,TecDAX,Gross,0.064061,-0.388432,0.164922,0.463007,10,True
12-Month Momentum (Monthly Rebalance),Germany,TecDAX,Net-Discount,0.045767,-0.487313,0.093916,0.330521,10,True
12-Month Momentum (Monthly Rebalance),Germany,TecDAX,Net-Full-Service,0.045358,-0.488863,0.092782,0.32812,10,True
12-Month Momentum (Monthly Rebalance),Germany,TecDAX,Net-Tax,0.045786,-0.487215,0.093975,0.330642,10,True
12-Month Momentum (Monthly Rebalance),India,BSE Sensex,Buy-and-Hold,0.094757,-0.380932,0.248751,0.643743,1,True
12-Month Momentum (Monthly Rebalance),India,BSE Sensex,Gross,0.055542,-0.381222,0.145695,0.476007,9,True
12-Month Momentum (Monthly Rebalance),India,BSE Sensex,Net-Discount,0.054434,-0.38477,0.141471,0.465872,9,True
12-Month Momentum (Monthly Rebalance),India,BSE Sensex,Net-Full-Service,0.050409,-0.397342,0.126866,0.430043,9,True
12-Month Momentum (Monthly Rebalance),India,BSE Sensex,Net-Tax,0.055542,-0.381222,0.145695,0.476007,9,True
12-Month Momentum (Monthly Rebalance),India,Nifty 50,Buy-and-Hold,0.096294,-0.384636,0.250352,0.652216,1,True
12-Month Momentum (Monthly Rebalance),India,Nifty 50,Gross,0.043008,-0.423159,0.101636,0.387652,12,True
12-Month Momentum (Monthly Rebalance),India,Nifty 50,Net-Discount,0.041434,-0.428356,0.096728,0.373704,12,True
12-Month Momentum (Monthly Rebalance),India,Nifty 50,Net-Full-Service,0.035752,-0.44687,0.080005,0.325408,12,True
12-Month Momentum (Monthly Rebalance),India,Nifty 50,Net-Tax,0.043008,-0.423159,0.101636,0.387652,12,True
12-Month Momentum (Monthly Rebalance),India,Nifty Bank,Buy-and-Hold,0.10794,-0.478773,0.225452,0.572157,1,True
12-Month Momentum (Monthly Rebalance),India,Nifty Bank,Gross,0.041814,-0.503064,0.08312,0.331855,8,True
12-Month Momentum (Monthly Rebalance),India,Nifty Bank,Net-Discount,0.040737,-0.510149,0.079852,0.323873,8,True
12-Month Momentum (Monthly Rebalance),India,Nifty Bank,Net-Full-Service,0.037379,-0.532435,0.070204,0.300403,8,True
12-Month Momentum (Monthly Rebalance),India,Nifty Bank,Net-Tax,0.041704,-0.503741,0.082789,0.330924,8,True
12-Month Momentum (Monthly Rebalance),Indonesia,Jakarta Composite Index,Buy-and-Hold,0.057646,-0.412062,0.139896,0.436297,1,True
12-Month Momentum (Monthly Rebalance),Indonesia,Jakarta Composite Index,Gross,0.019036,-0.255764,0.074428,0.232168,13,True
12-Month Momentum (Monthly Rebalance),Indonesia,Jakarta Composite Index,Net-Discount,0.014546,-0.26948,0.05398,0.187862,13,True
12-Month Momentum (Monthly Rebalance),Indonesia,Jakarta Composite Index,Net-Full-Service,0.013548,-0.273368,0.049558,0.178435,13,True
12-Month Momentum (Monthly Rebalance),Indonesia,Jakarta Composite Index,Net-Tax,0.019036,-0.255764,0.074428,0.232168,13,True
12-Month Momentum (Monthly Rebalance),Italy,FTSE MIB,Buy-and-Hold,0.042996,-0.466626,0.092141,0.296917,1,True
12-Month Momentum (Monthly Rebalance),Italy,FTSE MIB,Gross,0.037746,-0.415417,0.090863,0.305297,6,True
12-Month Momentum (Monthly Rebalance),Italy,FTSE MIB,Net-Discount,0.025659,-0.439014,0.058447,0.232219,6,True
12-Month Momentum (Monthly Rebalance),Italy,FTSE MIB,Net-Full-Service,0.024134,-0.446646,0.054035,0.223223,6,True
12-Month Momentum (Monthly Rebalance),Italy,FTSE MIB,Net-Tax,0.026297,-0.436727,0.060214,0.236054,6,True
12-Month Momentum (Monthly Rebalance),Japan,Nikkei 225,Buy-and-Hold,0.098063,-0.318137,0.308241,0.553056,1,True
12-Month Momentum (Monthly Rebalance),Japan,Nikkei 225,Gross,0.066843,-0.447389,0.149407,0.467326,10,True
12-Month Momentum (Monthly Rebalance),Japan,Nikkei 225,Net-Discount,0.052042,-0.510663,0.101911,0.363725,10,True
12-Month Momentum (Monthly Rebalance),Japan,Nikkei 225,Net-Full-Service,0.029785,-0.643843,0.046262,0.246737,10,True
12-Month Momentum (Monthly Rebalance),Japan,Nikkei 225,Net-Tax,0.052647,-0.506061,0.104033,0.367954,10,True
12-Month Momentum (Monthly Rebalance),Mexico,IPC Mexico,Buy-and-Hold,0.031736,-0.363345,0.087344,0.278882,1,True
12-Month Momentum (Monthly Rebalance),Mexico,IPC Mexico,Gross,0.00327,-0.352259,0.009284,0.083844,15,True
12-Month Momentum (Monthly Rebalance),Mexico,IPC Mexico,Net-Discount,-0.005094,-0.402723,-0.012648,0.009001,15,True
12-Month Momentum (Monthly Rebalance),Mexico,IPC Mexico,Net-Full-Service,-0.012193,-0.448621,-0.027178,-0.048141,15,True
12-Month Momentum (Monthly Rebalance),Mexico,IPC Mexico,Net-Tax,0.00136,-0.360435,0.003774,0.066008,15,True
12-Month Momentum (Monthly Rebalance),South Korea,KOSDAQ,Buy-and-Hold,0.039449,-0.538887,0.073204,0.290485,1,True
12-Month Momentum (Monthly Rebalance),South Korea,KOSDAQ,Gross,0.016816,-0.351125,0.047892,0.190456,14,True
12-Month Momentum (Monthly Rebalance),South Korea,KOSDAQ,Net-Discount,0.012699,-0.37398,0.033956,0.161356,14,True
12-Month Momentum (Monthly Rebalance),South Korea,KOSDAQ,Net-Full-Service,0.005129,-0.414715,0.012367,0.115248,14,True
12-Month Momentum (Monthly Rebalance),South Korea,KOSDAQ,Net-Tax,0.016816,-0.351125,0.047892,0.190456,14,True
12-Month Momentum (Monthly Rebalance),South Korea,KOSPI,Buy-and-Hold,0.048562,-0.44008,0.110349,0.367513,1,True
12-Month Momentum (Monthly Rebalance),South Korea,KOSPI,Gross,0.033556,-0.281653,0.119141,0.359069,16,True
12-Month Momentum (Monthly Rebalance),South Korea,KOSPI,Net-Discount,0.029439,-0.300679,0.097907,0.310617,16,True
12-Month Momentum (Monthly Rebalance),South Korea,KOSPI,Net-Full-Service,0.021643,-0.337552,0.064118,0.232785,16,True
12-Month Momentum (Monthly Rebalance),South Korea,KOSPI,Net-Tax,0.033556,-0.281653,0.119141,0.359069,16,True
12-Month Momentum (Monthly Rebalance),Spain,IBEX 35,Buy-and-Hold,0.03156,-0.485345,0.065027,0.252355,1,True
12-Month Momentum (Monthly Rebalance),Spain,IBEX 35,Gross,0.047849,-0.293317,0.163131,0.44906,8,True
12-Month Momentum (Monthly Rebalance),Spain,IBEX 35,Net-Discount,0.03712,-0.351803,0.105513,0.347691,8,True
12-Month Momentum (Monthly Rebalance),Spain,IBEX 35,Net-Full-Service,0.034405,-0.388936,0.08846,0.320692,8,True
12-Month Momentum (Monthly Rebalance),Spain,IBEX 35,Net-Tax,0.037554,-0.347078,0.108199,0.351611,8,True
12-Month Momentum (Monthly Rebalance),United Kingdom,FTSE 100,Buy-and-Hold,0.027097,-0.367451,0.073744,0.249547,1,True
12-Month Momentum (Monthly Rebalance),United Kingdom,FTSE 100,Gross,0.01157,-0.253381,0.045663,0.16505,15,True
12-Month Momentum (Monthly Rebalance),United Kingdom,FTSE 100,Net-Discount,-0.001263,-0.343069,-0.00368,0.043984,15,True
12-Month Momentum (Monthly Rebalance),United Kingdom,FTSE 100,Net-Full-Service,-0.013121,-0.4681,-0.028031,-0.042673,15,True
12-Month Momentum (Monthly Rebalance),United Kingdom,FTSE 100,Net-Tax,0.008445,-0.256347,0.032943,0.133908,15,True
12-Month Momentum (Monthly Rebalance),United Kingdom,FTSE 250,Buy-and-Hold,0.036043,-0.420804,0.085652,0.298942,1,True
12-Month Momentum (Monthly Rebalance),United Kingdom,FTSE 250,Gross,0.026284,-0.241633,0.108776,0.324529,10,True
12-Month Momentum (Monthly Rebalance),United Kingdom,FTSE 250,Net-Discount,0.015578,-0.305985,0.05091,0.204601,10,True
12-Month Momentum (Monthly Rebalance),United Kingdom,FTSE 250,Net-Full-Service,0.007073,-0.372491,0.018989,0.119566,10,True
12-Month Momentum (Monthly Rebalance),United Kingdom,FTSE 250,Net-Tax,0.022787,-0.24781,0.091953,0.282858,10,True
12-Month Momentum (Monthly Rebalance),United States,Dow Jones Industrial Average,Buy-and-Hold,0.090645,-0.370878,0.244406,0.599296,1,True
12-Month Momentum (Monthly Rebalance),United States,Dow Jones Industrial Average,Gross,0.044649,-0.385154,0.115925,0.383139,11,True
12-Month Momentum (Monthly Rebalance),United States,Dow Jones Industrial Average,Net-Discount,0.036727,-0.423973,0.086627,0.317485,11,True
12-Month Momentum (Monthly Rebalance),United States,Dow Jones Industrial Average,Net-Full-Service,0.034516,-0.432234,0.079855,0.29969,11,True
12-Month Momentum (Monthly Rebalance),United States,Dow Jones Industrial Average,Net-Tax,0.036786,-0.423633,0.086836,0.318007,11,True
12-Month Momentum (Monthly Rebalance),United States,Nasdaq Composite,Buy-and-Hold,0.144335,-0.363959,0.396568,0.752144,1,True
12-Month Momentum (Monthly Rebalance),United States,Nasdaq Composite,Gross,0.096517,-0.370474,0.260524,0.622224,9,True
12-Month Momentum (Monthly Rebalance),United States,Nasdaq Composite,Net-Discount,0.086571,-0.411294,0.210484,0.541247,9,True
12-Month Momentum (Monthly Rebalance),United States,Nasdaq Composite,Net-Full-Service,0.085644,-0.421222,0.203322,0.531447,9,True
12-Month Momentum (Monthly Rebalance),United States,Nasdaq Composite,Net-Tax,0.086602,-0.410933,0.210745,0.541604,9,True
12-Month Momentum (Monthly Rebalance),United States,S&P 500,Buy-and-Hold,0.109658,-0.339263,0.323223,0.681481,1,True
12-Month Momentum (Monthly Rebalance),United States,S&P 500,Gross,0.078192,-0.33925,0.230485,0.602024,8,True
12-Month Momentum (Monthly Rebalance),United States,S&P 500,Net-Discount,0.06946,-0.357982,0.194032,0.519664,8,True
12-Month Momentum (Monthly Rebalance),United States,S&P 500,Net-Full-Service,0.068434,-0.363267,0.188384,0.507525,8,True
12-Month Momentum (Monthly Rebalance),United States,S&P 500,Net-Tax,0.069496,-0.357749,0.19426,0.520133,8,True
14-Day RSI Oscillator,Australia,ASX 200,Buy-and-Hold,0.036563,-0.365332,0.100083,0.315013,1,True
14-Day RSI Oscillator,Australia,ASX 200,Gross,0.047603,-0.323895,0.14697,0.466727,42,True
14-Day RSI Oscillator,Australia,ASX 200,Net-Discount,0.026484,-0.403136,0.065694,0.260198,42,True
14-Day RSI Oscillator,Australia,ASX 200,Net-Full-Service,0.000214,-0.511354,0.000419,0.088402,42,True
14-Day RSI Oscillator,Australia,ASX 200,Net-Tax,0.026811,-0.401174,0.066831,0.263041,42,True
14-Day RSI Oscillator,Australia,All Ordinaries,Buy-and-Hold,0.03732,-0.370947,0.100606,0.322703,1,True
14-Day RSI Oscillator,Australia,All Ordinaries,Gross,0.043117,-0.331939,0.129895,0.435296,42,True
14-Day RSI Oscillator,Australia,All Ordinaries,Net-Discount,0.021225,-0.418163,0.050759,0.222763,42,True
14-Day RSI Oscillator,Australia,All Ordinaries,Net-Full-Service,-0.007667,-0.534942,-0.014332,0.046463,42,True
14-Day RSI Oscillator,Australia,All Ordinaries,Net-Tax,0.021592,-0.416243,0.051874,0.225785,42,True
14-Day RSI Oscillator,Brazil,Ibovespa,Buy-and-Hold,0.051922,-0.476713,0.108916,0.337729,1,True
14-Day RSI Oscillator,Brazil,Ibovespa,Gross,0.027875,-0.407129,0.068468,0.244247,40,True
14-Day RSI Oscillator,Brazil,Ibovespa,Net-Discount,0.02657,-0.412503,0.064411,0.236668,40,True
14-Day RSI Oscillator,Brazil,Ibovespa,Net-Full-Service,0.003728,-0.508394,0.007333,0.133231,40,True
14-Day RSI Oscillator,Brazil,Ibovespa,Net-Tax,0.027875,-0.407129,0.068468,0.244247,40,True
14-Day RSI Oscillator,Canada,S&P/TSX Composite,Buy-and-Hold,0.052466,-0.374265,0.140183,0.422731,1,True
14-Day RSI Oscillator,Canada,S&P/TSX Composite,Gross,0.040648,-0.352197,0.115413,0.402494,40,True
14-Day RSI Oscillator,Canada,S&P/TSX Composite,Net-Discount,0.031822,-0.396255,0.080308,0.312984,40,True
14-Day RSI Oscillator,Canada,S&P/TSX Composite,Net-Full-Service,0.011959,-0.523086,0.022863,0.155263,40,True
14-Day RSI Oscillator,Canada,S&P/TSX Composite,Net-Tax,0.031993,-0.395071,0.08098,0.314669,40,True
14-Day RSI Oscillator,China,Shanghai Composite,Buy-and-Hold,0.022187,-0.523355,0.042394,0.214718,1,True
14-Day RSI Oscillator,China,Shanghai Composite,Gross,0.010913,-0.387113,0.02819,0.150973,45,True
14-Day RSI Oscillator,China,Shanghai Composite,Net-Discount,0.004997,-0.416037,0.012011,0.108925,45,True
14-Day RSI Oscillator,China,Shanghai Composite,Net-Full-Service,0.004352,-0.417239,0.010431,0.104456,45,True
14-Day RSI Oscillator,China,Shanghai Composite,Net-Tax,0.010913,-0.387113,0.02819,0.150973,45,True
14-Day RSI Oscillator,China,Shenzhen Component,Buy-and-Hold,0.004478,-0.60881,0.007355,0.142408,1,True
14-Day RSI Oscillator,China,Shenzhen Component,Gross,-0.013678,-0.488924,-0.027975,-5.9e-05,40,True
14-Day RSI Oscillator,China,Shenzhen Component,Net-Discount,-0.020564,-0.512688,-0.040109,-0.032086,40,True
14-Day RSI Oscillator,China,Shenzhen Component,Net-Full-Service,-0.021244,-0.513644,-0.04136,-0.035607,40,True
14-Day RSI Oscillator,China,Shenzhen Component,Net-Tax,-0.013678,-0.488924,-0.027975,-5.9e-05,40,True
14-Day RSI Oscillator,France,CAC 40,Buy-and-Hold,0.038251,-0.385589,0.099202,0.287655,1,True
14-Day RSI Oscillator,France,CAC 40,Gross,0.048622,-0.339466,0.143232,0.4018,42,True
14-Day RSI Oscillator,France,CAC 40,Net-Discount,7.3e-05,-0.523128,0.000139,0.110249,42,True
14-Day RSI Oscillator,France,CAC 40,Net-Full-Service,-0.062889,-0.799991,-0.078612,0.030816,42,True
14-Day RSI Oscillator,France,CAC 40,Net-Tax,0.018923,-0.458798,0.041245,0.193081,42,True
14-Day RSI Oscillator,Germany,DAX 40,Buy-and-Hold,0.072255,-0.387805,0.186318,0.447245,1,True
14-Day RSI Oscillator,Germany,DAX 40,Gross,0.052342,-0.344252,0.152045,0.434669,41,True
14-Day RSI Oscillator,Germany,DAX 40,Net-Discount,0.036089,-0.399588,0.090316,0.301276,41,True
14-Day RSI Oscillator,Germany,DAX 40,Net-Full-Service,0.034187,-0.40824,0.083741,0.287279,41,True
14-Day RSI Oscillator,Germany,DAX 40,Net-Tax,0.036206,-0.398823,0.090782,0.302229,41,True
14-Day RSI Oscillator,Germany,MDAX,Buy-and-Hold,0.062381,-0.399299,0.156225,0.409792,1,True
14-Day RSI Oscillator,Germany,MDAX,Gross,0.060641,-0.389654,0.155628,0.498646,44,True
14-Day RSI Oscillator,Germany,MDAX,Net-Discount,0.03769,-0.478611,0.078748,0.304409,44,True
14-Day RSI Oscillator,Germany,MDAX,Net-Full-Service,0.035692,-0.485921,0.073452,0.290692,44,True
14-Day RSI Oscillator,Germany,MDAX,Net-Tax,0.037814,-0.477952,0.079117,0.305337,44,True
14-Day RSI Oscillator,Germany,TecDAX,Buy-and-Hold,0.084311,-0.346007,0.243668,0.497103,1,True
14-Day RSI Oscillator,Germany,TecDAX,Gross,0.07763,-0.314205,0.247068,0.612503,39,True
14-Day RSI Oscillator,Germany,TecDAX,Net-Discount,0.059036,-0.314223,0.187879,0.434432,39,True
14-Day RSI Oscillator,Germany,TecDAX,Net-Full-Service,0.0577,-0.31487,0.183251,0.423341,39,True
14-Day RSI Oscillator,Germany,TecDAX,Net-Tax,0.059109,-0.314205,0.188123,0.435146,39,True
14-Day RSI Oscillator,India,BSE Sensex,Buy-and-Hold,0.094757,-0.380932,0.248751,0.643743,1,True
14-Day RSI Oscillator,India,BSE Sensex,Gross,0.040062,-0.374939,0.106848,0.388612,36,True
14-Day RSI Oscillator,India,BSE Sensex,Net-Discount,0.031005,-0.421053,0.073637,0.297673,36,True
14-Day RSI Oscillator,India,BSE Sensex,Net-Full-Service,0.01047,-0.534389,0.019592,0.148513,36,True
14-Day RSI Oscillator,India,BSE Sensex,Net-Tax,0.036081,-0.399961,0.090211,0.343672,36,True
14-Day RSI Oscillator,India,Nifty 50,Buy-and-Hold,0.096294,-0.384636,0.250352,0.652216,1,True
14-Day RSI Oscillator,India,Nifty 50,Gross,0.028001,-0.379155,0.07385,0.29198,37,True
14-Day RSI Oscillator,India,Nifty 50,Net-Discount,0.016873,-0.450915,0.037419,0.193861,37,True
14-Day RSI Oscillator,India,Nifty 50,Net-Full-Service,-0.007912,-0.586949,-0.01348,0.041491,37,True
14-Day RSI Oscillator,India,Nifty 50,Net-Tax,0.022845,-0.416482,0.054851,0.242407,37,True
14-Day RSI Oscillator,India,Nifty Bank,Buy-and-Hold,0.10794,-0.478773,0.225452,0.572157,1,True
14-Day RSI Oscillator,India,Nifty Bank,Gross,0.01743,-0.462811,0.037661,0.190214,41,True
14-Day RSI Oscillator,India,Nifty Bank,Net-Discount,0.006569,-0.519687,0.012641,0.130796,41,True
14-Day RSI Oscillator,India,Nifty Bank,Net-Full-Service,-0.019027,-0.657197,-0.028952,0.042843,41,True
14-Day RSI Oscillator,India,Nifty Bank,Net-Tax,0.01295,-0.493477,0.026242,0.163803,41,True
14-Day RSI Oscillator,Indonesia,Jakarta Composite Index,Buy-and-Hold,0.057646,-0.412062,0.139896,0.436297,1,True
14-Day RSI Oscillator,Indonesia,Jakarta Composite Index,Gross,0.011,-0.376658,0.029205,0.154677,31,True
14-Day RSI Oscillator,Indonesia,Jakarta Composite Index,Net-Discount,-0.002129,-0.459226,-0.004636,0.050341,31,True
14-Day RSI Oscillator,Indonesia,Jakarta Composite Index,Net-Full-Service,-0.005284,-0.479355,-0.011024,0.02845,31,True
14-Day RSI Oscillator,Indonesia,Jakarta Composite Index,Net-Tax,0.011,-0.376658,0.029205,0.154677,31,True
14-Day RSI Oscillator,Italy,FTSE MIB,Buy-and-Hold,0.042996,-0.466626,0.092141,0.296917,1,True
14-Day RSI Oscillator,Italy,FTSE MIB,Gross,0.07412,-0.375046,0.197629,0.486103,47,True
14-Day RSI Oscillator,Italy,FTSE MIB,Net-Discount,0.046275,-0.471403,0.098165,0.313383,47,True
14-Day RSI Oscillator,Italy,FTSE MIB,Net-Full-Service,0.03292,-0.561541,0.058624,0.25719,47,True
14-Day RSI Oscillator,Italy,FTSE MIB,Net-Tax,0.051052,-0.440687,0.115846,0.337729,47,True
14-Day RSI Oscillator,Japan,Nikkei 225,Buy-and-Hold,0.098063,-0.318137,0.308241,0.553056,1,True
14-Day RSI Oscillator,Japan,Nikkei 225,Gross,0.056887,-0.310103,0.183446,0.445186,38,True
14-Day RSI Oscillator,Japan,Nikkei 225,Net-Discount,0.041768,-0.402467,0.103781,0.324844,38,True
14-Day RSI Oscillator,Japan,Nikkei 225,Net-Full-Service,0.0,-1.0,0.0,0.0,38,True
14-Day RSI Oscillator,Japan,Nikkei 225,Net-Tax,0.044426,-0.378261,0.117449,0.345004,38,True
14-Day RSI Oscillator,Mexico,IPC Mexico,Buy-and-Hold,0.031736,-0.363345,0.087344,0.278882,1,True
14-Day RSI Oscillator,Mexico,IPC Mexico,Gross,0.048909,-0.272046,0.179782,0.475931,47,True
14-Day RSI Oscillator,Mexico,IPC Mexico,Net-Discount,0.029178,-0.366389,0.079636,0.279397,47,True
14-Day RSI Oscillator,Mexico,IPC Mexico,Net-Full-Service,0.011472,-0.464178,0.024715,0.152448,47,True
14-Day RSI Oscillator,Mexico,IPC Mexico,Net-Tax,0.043435,-0.287686,0.150982,0.419851,47,True
14-Day RSI Oscillator,South Korea,KOSDAQ,Buy-and-Hold,0.039449,-0.538887,0.073204,0.290485,1,True
14-Day RSI Oscillator,South Korea,KOSDAQ,Gross,0.034323,-0.427335,0.080319,0.295001,45,True
14-Day RSI Oscillator,South Korea,KOSDAQ,Net-Discount,0.018938,-0.498697,0.037975,0.197132,45,True
14-Day RSI Oscillator,South Korea,KOSDAQ,Net-Full-Service,-0.021821,-0.661557,-0.032984,0.057878,45,True
14-Day RSI Oscillator,South Korea,KOSDAQ,Net-Tax,0.034323,-0.427335,0.080319,0.295001,45,True
14-Day RSI Oscillator,South Korea,KOSPI,Buy-and-Hold,0.048562,-0.44008,0.110349,0.367513,1,True
14-Day RSI Oscillator,South Korea,KOSPI,Gross,0.025635,-0.300979,0.085173,0.266575,43,True
14-Day RSI Oscillator,South Korea,KOSPI,Net-Discount,0.009053,-0.364429,0.024843,0.136868,43,True
14-Day RSI Oscillator,South Korea,KOSPI,Net-Full-Service,-0.033266,-0.630504,-0.052761,-0.027674,43,True
14-Day RSI Oscillator,South Korea,KOSPI,Net-Tax,0.025635,-0.300979,0.085173,0.266575,43,True
14-Day RSI Oscillator,Spain,IBEX 35,Buy-and-Hold,0.03156,-0.485345,0.065027,0.252355,1,True
14-Day RSI Oscillator,Spain,IBEX 35,Gross,0.028983,-0.354318,0.0818,0.258585,42,True
14-Day RSI Oscillator,Spain,IBEX 35,Net-Discount,0.010884,-0.39447,0.027592,0.149792,42,True
14-Day RSI Oscillator,Spain,IBEX 35,Net-Full-Service,-0.009098,-0.570497,-0.015947,0.066893,42,True
14-Day RSI Oscillator,Spain,IBEX 35,Net-Tax,0.014418,-0.393464,0.036643,0.16913,42,True
14-Day RSI Oscillator,United Kingdom,FTSE 100,Buy-and-Hold,0.027097,-0.367451,0.073744,0.249547,1,True
14-Day RSI Oscillator,United Kingdom,FTSE 100,Gross,0.086519,-0.337187,0.256592,0.740083,51,True
14-Day RSI Oscillator,United Kingdom,FTSE 100,Net-Discount,0.057923,-0.440636,0.131453,0.433007,51,True
14-Day RSI Oscillator,United Kingdom,FTSE 100,Net-Full-Service,0.013389,-0.686329,0.019508,0.184434,51,True
14-Day RSI Oscillator,United Kingdom,FTSE 100,Net-Tax,0.084278,-0.337187,0.249945,0.721088,51,True
14-Day RSI Oscillator,United Kingdom,FTSE 250,Buy-and-Hold,0.036043,-0.420804,0.085652,0.298942,1,True
14-Day RSI Oscillator,United Kingdom,FTSE 250,Gross,0.027472,-0.393814,0.069759,0.280731,44,True
14-Day RSI Oscillator,United Kingdom,FTSE 250,Net-Discount,-0.006344,-0.533299,-0.011897,0.045037,44,True
14-Day RSI Oscillator,United Kingdom,FTSE 250,Net-Full-Service,-0.076846,-0.867604,-0.088572,-0.057158,44,True
14-Day RSI Oscillator,United Kingdom,FTSE 250,Net-Tax,0.026668,-0.393814,0.067717,0.274187,44,True
14-Day RSI Oscillator,United States,Dow Jones Industrial Average,Buy-and-Hold,0.090645,-0.370878,0.244406,0.599296,1,True
14-Day RSI Oscillator,United States,Dow Jones Industrial Average,Gross,0.067058,-0.316202,0.212074,0.558506,42,True
14-Day RSI Oscillator,United States,Dow Jones Industrial Average,Net-Discount,0.051208,-0.370142,0.138348,0.403132,42,True
14-Day RSI Oscillator,United States,Dow Jones Industrial Average,Net-Full-Service,0.044022,-0.408196,0.107845,0.342445,42,True
14-Day RSI Oscillator,United States,Dow Jones Industrial Average,Net-Tax,0.051419,-0.368778,0.13943,0.40521,42,True
14-Day RSI Oscillator,United States,Nasdaq Composite,Buy-and-Hold,0.144335,-0.363959,0.396568,0.752144,1,True
14-Day RSI Oscillator,United States,Nasdaq Composite,Gross,0.068147,-0.251108,0.271385,0.501143,36,True
14-Day RSI Oscillator,United States,Nasdaq Composite,Net-Discount,0.049179,-0.313378,0.156934,0.348691,36,True
14-Day RSI Oscillator,United States,Nasdaq Composite,Net-Full-Service,0.042896,-0.341565,0.125585,0.308594,36,True
14-Day RSI Oscillator,United States,Nasdaq Composite,Net-Tax,0.049378,-0.31251,0.158005,0.350112,36,True
14-Day RSI Oscillator,United States,S&P 500,Buy-and-Hold,0.109658,-0.339263,0.323223,0.681481,1,True
14-Day RSI Oscillator,United States,S&P 500,Gross,0.079144,-0.288374,0.27445,0.627321,38,True
14-Day RSI Oscillator,United States,S&P 500,Net-Discount,0.060578,-0.353266,0.17148,0.439468,38,True
14-Day RSI Oscillator,United States,S&P 500,Net-Full-Service,0.054909,-0.376453,0.14586,0.391813,38,True
14-Day RSI Oscillator,United States,S&P 500,Net-Tax,0.060774,-0.352336,0.172489,0.441324,38,True
50/200 SMA Crossover,Australia,ASX 200,Buy-and-Hold,0.036563,-0.365332,0.100083,0.315013,1,True
50/200 SMA Crossover,Australia,ASX 200,Gross,0.003671,-0.35942,0.010215,0.088104,11,True
50/200 SMA Crossover,Australia,ASX 200,Net-Discount,-0.001971,-0.374367,-0.005264,0.038922,11,True
50/200 SMA Crossover,Australia,ASX 200,Net-Full-Service,-0.008314,-0.393268,-0.021142,-0.011887,11,True
50/200 SMA Crossover,Australia,ASX 200,Net-Tax,-0.001852,-0.373856,-0.004955,0.039902,11,True
50/200 SMA Crossover,Australia,All Ordinaries,Buy-and-Hold,0.03732,-0.370947,0.100606,0.322703,1,True
50/200 SMA Crossover,Australia,All Ordinaries,Gross,0.009708,-0.351005,0.027659,0.144752,10,True
50/200 SMA Crossover,Australia,All Ordinaries,Net-Discount,0.00366,-0.364955,0.010029,0.088762,10,True
50/200 SMA Crossover,Australia,All Ordinaries,Net-Full-Service,-0.001826,-0.383386,-0.004763,0.04249,10,True
50/200 SMA Crossover,Australia,All Ordinaries,Net-Tax,0.003765,-0.36446,0.010331,0.089686,10,True
50/200 SMA Crossover,Brazil,Ibovespa,Buy-and-Hold,0.051922,-0.476713,0.108916,0.337729,1,True
50/200 SMA Crossover,Brazil,Ibovespa,Gross,-0.038312,-0.564625,-0.067854,-0.136101,14,True
50/200 SMA Crossover,Brazil,Ibovespa,Net-Discount,-0.039057,-0.570441,-0.068468,-0.138613,14,True
50/200 SMA Crossover,Brazil,Ibovespa,Net-Full-Service,-0.050403,-0.65177,-0.077333,-0.174251,14,True
50/200 SMA Crossover,Brazil,Ibovespa,Net-Tax,-0.038312,-0.564625,-0.067854,-0.136101,14,True
50/200 SMA Crossover,Canada,S&P/TSX Composite,Buy-and-Hold,0.052466,-0.374265,0.140183,0.422731,1,True
50/200 SMA Crossover,Canada,S&P/TSX Composite,Gross,0.016911,-0.429657,0.039359,0.212313,12,True
50/200 SMA Crossover,Canada,S&P/TSX Composite,Net-Discount,0.008637,-0.45424,0.019014,0.133806,12,True
50/200 SMA Crossover,Canada,S&P/TSX Composite,Net-Full-Service,0.003056,-0.496122,0.006159,0.087617,12,True
50/200 SMA Crossover,Canada,S&P/TSX Composite,Net-Tax,0.008707,-0.453713,0.019191,0.134437,12,True
50/200 SMA Crossover,China,Shanghai Composite,Buy-and-Hold,0.022187,-0.523355,0.042394,0.214718,1,True
50/200 SMA Crossover,China,Shanghai Composite,Gross,-2.5e-05,-0.568442,-4.5e-05,0.070804,11,True
50/200 SMA Crossover,China,Shanghai Composite,Net-Discount,-0.001683,-0.580382,-0.0029,0.05945,11,True
50/200 SMA Crossover,China,Shanghai Composite,Net-Full-Service,-0.001876,-0.581591,-0.003226,0.058089,11,True
50/200 SMA Crossover,China,Shanghai Composite,Net-Tax,-2.5e-05,-0.568442,-4.5e-05,0.070804,11,True
50/200 SMA Crossover,China,Shenzhen Component,Buy-and-Hold,0.004478,-0.60881,0.007355,0.142408,1,True
50/200 SMA Crossover,China,Shenzhen Component,Gross,0.017183,-0.561694,0.030591,0.190281,11,True
50/200 SMA Crossover,China,Shenzhen Component,Net-Discount,0.015802,-0.567305,0.027854,0.181701,11,True
50/200 SMA Crossover,China,Shenzhen Component,Net-Full-Service,0.015622,-0.56753,0.027526,0.180604,11,True
50/200 SMA Crossover,China,Shenzhen Component,Net-Tax,0.017183,-0.561694,0.030591,0.190281,11,True
50/200 SMA Crossover,France,CAC 40,Buy-and-Hold,0.038251,-0.385589,0.099202,0.287655,1,True
50/200 SMA Crossover,France,CAC 40,Gross,-0.001277,-0.410766,-0.003108,0.058106,11,True
50/200 SMA Crossover,France,CAC 40,Net-Discount,-0.021778,-0.52715,-0.041312,-0.061289,11,True
50/200 SMA Crossover,France,CAC 40,Net-Full-Service,-0.032395,-0.593169,-0.054614,-0.109095,11,True
50/200 SMA Crossover,France,CAC 40,Net-Tax,-0.016946,-0.493175,-0.034362,-0.035443,11,True
50/200 SMA Crossover,Germany,DAX 40,Buy-and-Hold,0.072255,-0.387805,0.186318,0.447245,1,True
50/200 SMA Crossover,Germany,DAX 40,Gross,0.054599,-0.410936,0.132864,0.452674,8,True
50/200 SMA Crossover,Germany,DAX 40,Net-Discount,0.039342,-0.465534,0.084509,0.325102,8,True
50/200 SMA Crossover,Germany,DAX 40,Net-Full-Service,0.038992,-0.467938,0.083326,0.322332,8,True
50/200 SMA Crossover,Germany,DAX 40,Net-Tax,0.039365,-0.465337,0.084595,0.325303,8,True
50/200 SMA Crossover,Germany,MDAX,Buy-and-Hold,0.062381,-0.399299,0.156225,0.409792,1,True
50/200 SMA Crossover,Germany,MDAX,Gross,0.03624,-0.414188,0.087496,0.324489,10,True
50/200 SMA Crossover,Germany,MDAX,Net-Discount,0.015619,-0.514265,0.030372,0.17636,10,True
50/200 SMA Crossover,Germany,MDAX,Net-Full-Service,0.015013,-0.516302,0.029078,0.172794,10,True
50/200 SMA Crossover,Germany,MDAX,Net-Tax,0.015659,-0.514043,0.030462,0.176595,10,True
50/200 SMA Crossover,Germany,TecDAX,Buy-and-Hold,0.084311,-0.346007,0.243668,0.497103,1,True
50/200 SMA Crossover,Germany,TecDAX,Gross,0.069828,-0.353553,0.197505,0.507681,8,True
50/200 SMA Crossover,Germany,TecDAX,Net-Discount,0.054847,-0.454639,0.120638,0.383984,8,True
50/200 SMA Crossover,Germany,TecDAX,Net-Full-Service,0.054559,-0.455451,0.119791,0.382101,8,True
50/200 SMA Crossover,Germany,TecDAX,Net-Tax,0.054863,-0.454551,0.120696,0.384102,8,True
50/200 SMA Crossover,India,BSE Sensex,Buy-and-Hold,0.094757,-0.380932,0.248751,0.643743,1,True
50/200 SMA Crossover,India,BSE Sensex,Gross,0.05128,-0.394732,0.129911,0.466659,11,True
50/200 SMA Crossover,India,BSE Sensex,Net-Discount,0.050065,-0.400847,0.124899,0.453731,11,True
50/200 SMA Crossover,India,BSE Sensex,Net-Full-Service,0.045786,-0.423838,0.108027,0.410247,11,True
50/200 SMA Crossover,India,BSE Sensex,Net-Tax,0.05128,-0.394732,0.129911,0.466659,11,True
50/200 SMA Crossover,India,Nifty 50,Buy-and-Hold,0.096294,-0.384636,0.250352,0.652216,1,True
50/200 SMA Crossover,India,Nifty 50,Gross,0.049646,-0.422945,0.11738,0.474372,11,True
50/200 SMA Crossover,India,Nifty 50,Net-Discount,0.048398,-0.431808,0.112083,0.460353,11,True
50/200 SMA Crossover,India,Nifty 50,Net-Full-Service,0.044105,-0.461596,0.095549,0.414248,11,True
50/200 SMA Crossover,India,Nifty 50,Net-Tax,0.049621,-0.423125,0.117272,0.474057,11,True
50/200 SMA Crossover,India,Nifty Bank,Buy-and-Hold,0.10794,-0.478773,0.225452,0.572157,1,True
50/200 SMA Crossover,India,Nifty Bank,Gross,0.060635,-0.469006,0.129285,0.453843,10,True
50/200 SMA Crossover,India,Nifty Bank,Net-Discount,0.059554,-0.475306,0.125296,0.444619,10,True
50/200 SMA Crossover,India,Nifty Bank,Net-Full-Service,0.055678,-0.497745,0.11186,0.412873,10,True
50/200 SMA Crossover,India,Nifty Bank,Net-Tax,0.060635,-0.469006,0.129285,0.453843,10,True
50/200 SMA Crossover,Indonesia,Jakarta Composite Index,Buy-and-Hold,0.057646,-0.412062,0.139896,0.436297,1,True
50/200 SMA Crossover,Indonesia,Jakarta Composite Index,Gross,0.037455,-0.230283,0.162649,0.410222,8,True
50/200 SMA Crossover,Indonesia,Jakarta Composite Index,Net-Discount,0.034754,-0.235812,0.14738,0.380533,8,True
50/200 SMA Crossover,Indonesia,Jakarta Composite Index,Net-Full-Service,0.034162,-0.237,0.144145,0.374111,8,True
50/200 SMA Crossover,Indonesia,Jakarta Composite Index,Net-Tax,0.037455,-0.230283,0.162649,0.410222,8,True
50/200 SMA Crossover,Italy,FTSE MIB,Buy-and-Hold,0.042996,-0.466626,0.092141,0.296917,1,True
50/200 SMA Crossover,Italy,FTSE MIB,Gross,0.041364,-0.415417,0.099573,0.33213,8,True
50/200 SMA Crossover,Italy,FTSE MIB,Net-Discount,0.026106,-0.449642,0.058059,0.234852,8,True
50/200 SMA Crossover,Italy,FTSE MIB,Net-Full-Service,0.024335,-0.458576,0.053066,0.224247,8,True
50/200 SMA Crossover,Italy,FTSE MIB,Net-Tax,0.026781,-0.446527,0.059976,0.238981,8,True
50/200 SMA Crossover,Japan,Nikkei 225,Buy-and-Hold,0.098063,-0.318137,0.308241,0.553056,1,True
50/200 SMA Crossover,Japan,Nikkei 225,Gross,0.074734,-0.361089,0.206969,0.53622,13,True
50/200 SMA Crossover,Japan,Nikkei 225,Net-Discount,0.058836,-0.4372,0.134575,0.411828,13,True
50/200 SMA Crossover,Japan,Nikkei 225,Net-Full-Service,0.031513,-0.582055,0.054141,0.253812,13,True
50/200 SMA Crossover,Japan,Nikkei 225,Net-Tax,0.059519,-0.433532,0.137289,0.417202,13,True
50/200 SMA Crossover,Mexico,IPC Mexico,Buy-and-Hold,0.031736,-0.363345,0.087344,0.278882,1,True
50/200 SMA Crossover,Mexico,IPC Mexico,Gross,-0.005425,-0.489944,-0.011073,0.006452,12,True
50/200 SMA Crossover,Mexico,IPC Mexico,Net-Discount,-0.012421,-0.524294,-0.023691,-0.047633,12,True
50/200 SMA Crossover,Mexico,IPC Mexico,Net-Full-Service,-0.017522,-0.557416,-0.031435,-0.080258,12,True
50/200 SMA Crossover,Mexico,IPC Mexico,Net-Tax,-0.007664,-0.491327,-0.015598,-0.012893,12,True
50/200 SMA Crossover,South Korea,KOSDAQ,Buy-and-Hold,0.039449,-0.538887,0.073204,0.290485,1,True
50/200 SMA Crossover,South Korea,KOSDAQ,Gross,0.010633,-0.44663,0.023806,0.147627,13,True
50/200 SMA Crossover,South Korea,KOSDAQ,Net-Discount,0.006407,-0.470596,0.013615,0.119535,13,True
50/200 SMA Crossover,South Korea,KOSDAQ,Net-Full-Service,-0.00185,-0.511913,-0.003614,0.070477,13,True
50/200 SMA Crossover,South Korea,KOSDAQ,Net-Tax,0.010633,-0.44663,0.023806,0.147627,13,True
50/200 SMA Crossover,South Korea,KOSPI,Buy-and-Hold,0.048562,-0.44008,0.110349,0.367513,1,True
50/200 SMA Crossover,South Korea,KOSPI,Gross,0.016952,-0.455924,0.037182,0.206658,16,True
50/200 SMA Crossover,South Korea,KOSPI,Net-Discount,0.012672,-0.515414,0.024586,0.166227,16,True
50/200 SMA Crossover,South Korea,KOSPI,Net-Full-Service,0.004788,-0.607806,0.007877,0.10637,16,True
50/200 SMA Crossover,South Korea,KOSPI,Net-Tax,0.016952,-0.455924,0.037182,0.206658,16,True
50/200 SMA Crossover,Spain,IBEX 35,Buy-and-Hold,0.03156,-0.485345,0.065027,0.252355,1,True
50/200 SMA Crossover,Spain,IBEX 35,Gross,0.032001,-0.457099,0.070008,0.304875,9,True
50/200 SMA Crossover,Spain,IBEX 35,Net-Discount,0.019316,-0.504061,0.038321,0.204778,9,True
50/200 SMA Crossover,Spain,IBEX 35,Net-Full-Service,0.015818,-0.535791,0.029524,0.179614,9,True
50/200 SMA Crossover,Spain,IBEX 35,Net-Tax,0.019847,-0.503919,0.039386,0.208547,9,True
50/200 SMA Crossover,United Kingdom,FTSE 100,Buy-and-Hold,0.027097,-0.367451,0.073744,0.249547,1,True
50/200 SMA Crossover,United Kingdom,FTSE 100,Gross,0.008918,-0.368327,0.024212,0.137543,11,True
50/200 SMA Crossover,United Kingdom,FTSE 100,Net-Discount,-0.00123,-0.419291,-0.002934,0.045082,11,True
50/200 SMA Crossover,United Kingdom,FTSE 100,Net-Full-Service,-0.009589,-0.468707,-0.020459,-0.018343,11,True
50/200 SMA Crossover,United Kingdom,FTSE 100,Net-Tax,0.005911,-0.374944,0.015766,0.108783,11,True
50/200 SMA Crossover,United Kingdom,FTSE 250,Buy-and-Hold,0.036043,-0.420804,0.085652,0.298942,1,True
50/200 SMA Crossover,United Kingdom,FTSE 250,Gross,0.008425,-0.465042,0.018116,0.131372,11,True
50/200 SMA Crossover,United Kingdom,FTSE 250,Net-Discount,-0.004993,-0.519542,-0.00961,0.02103,11,True
50/200 SMA Crossover,United Kingdom,FTSE 250,Net-Full-Service,-0.015693,-0.566304,-0.027712,-0.052925,11,True
50/200 SMA Crossover,United Kingdom,FTSE 250,Net-Tax,0.00385,-0.479101,0.008036,0.091497,11,True
50/200 SMA Crossover,United States,Dow Jones Industrial Average,Buy-and-Hold,0.090645,-0.370878,0.244406,0.599296,1,True
50/200 SMA Crossover,United States,Dow Jones Industrial Average,Gross,0.044192,-0.377829,0.116963,0.397931,8,True
50/200 SMA Crossover,United States,Dow Jones Industrial Average,Net-Discount,0.035238,-0.420101,0.08388,0.318149,8,True
50/200 SMA Crossover,United States,Dow Jones Industrial Average,Net-Full-Service,0.033599,-0.425483,0.078966,0.304789,8,True
50/200 SMA Crossover,United States,Dow Jones Industrial Average,Net-Tax,0.03528,-0.419883,0.084024,0.318522,8,True
50/200 SMA Crossover,United States,Nasdaq Composite,Buy-and-Hold,0.144335,-0.363959,0.396568,0.752144,1,True
50/200 SMA Crossover,United States,Nasdaq Composite,Gross,0.118225,-0.301157,0.392569,0.755156,8,True
50/200 SMA Crossover,United States,Nasdaq Composite,Net-Discount,0.107036,-0.325458,0.328879,0.652732,8,True
50/200 SMA Crossover,United States,Nasdaq Composite,Net-Full-Service,0.106402,-0.328456,0.323946,0.645232,8,True
50/200 SMA Crossover,United States,Nasdaq Composite,Net-Tax,0.10706,-0.325323,0.329089,0.653039,8,True
50/200 SMA Crossover,United States,S&P 500,Buy-and-Hold,0.109658,-0.339263,0.323223,0.681481,1,True
50/200 SMA Crossover,United States,S&P 500,Gross,0.080775,-0.33925,0.238098,0.635681,7,True
50/200 SMA Crossover,United States,S&P 500,Net-Discount,0.071308,-0.361839,0.197072,0.541506,7,True
50/200 SMA Crossover,United States,S&P 500,Net-Full-Service,0.070427,-0.364917,0.192993,0.532233,7,True
50/200 SMA Crossover,United States,S&P 500,Net-Tax,0.071336,-0.361703,0.197223,0.541831,7,True
52-Week High Drawdown Dip Buyer,Australia,ASX 200,Buy-and-Hold,0.036563,-0.365332,0.100083,0.315013,1,True
52-Week High Drawdown Dip Buyer,Australia,ASX 200,Gross,0.050366,-0.293979,0.171324,0.522983,9,True
52-Week High Drawdown Dip Buyer,Australia,ASX 200,Net-Discount,0.037563,-0.341488,0.109998,0.37642,9,True
52-Week High Drawdown Dip Buyer,Australia,ASX 200,Net-Full-Service,0.033549,-0.357782,0.09377,0.334059,9,True
52-Week High Drawdown Dip Buyer,Australia,ASX 200,Net-Tax,0.037617,-0.341104,0.110281,0.377093,9,True
52-Week High Drawdown Dip Buyer,Australia,All Ordinaries,Buy-and-Hold,0.03732,-0.370947,0.100606,0.322703,1,True
52-Week High Drawdown Dip Buyer,Australia,All Ordinaries,Gross,0.059687,-0.299082,0.199567,0.612312,10,True
52-Week High Drawdown Dip Buyer,Australia,All Ordinaries,Net-Discount,0.045155,-0.346985,0.130135,0.437949,10,True
52-Week High Drawdown Dip Buyer,Australia,All Ordinaries,Net-Full-Service,0.04078,-0.363401,0.112218,0.390009,10,True
52-Week High Drawdown Dip Buyer,Australia,All Ordinaries,Net-Tax,0.045206,-0.346603,0.130427,0.438647,10,True
52-Week High Drawdown Dip Buyer,Brazil,Ibovespa,Buy-and-Hold,0.051922,-0.476713,0.108916,0.337729,1,True
52-Week High Drawdown Dip Buyer,Brazil,Ibovespa,Gross,0.058583,-0.44055,0.132978,0.396942,12,True
52-Week High Drawdown Dip Buyer,Brazil,Ibovespa,Net-Discount,0.058245,-0.441309,0.131981,0.394694,12,True
52-Week High Drawdown Dip Buyer,Brazil,Ibovespa,Net-Full-Service,0.05271,-0.451236,0.116813,0.360066,12,True
52-Week High Drawdown Dip Buyer,Brazil,Ibovespa,Net-Tax,0.058583,-0.44055,0.132978,0.396942,12,True
52-Week High Drawdown Dip Buyer,Canada,S&P/TSX Composite,Buy-and-Hold,0.052466,-0.374265,0.140183,0.422731,1,True
52-Week High Drawdown Dip Buyer,Canada,S&P/TSX Composite,Gross,0.036493,-0.25238,0.144594,0.387806,7,True
52-Week High Drawdown Dip Buyer,Canada,S&P/TSX Composite,Net-Discount,0.031561,-0.270384,0.116728,0.334464,7,True
52-Week High Drawdown Dip Buyer,Canada,S&P/TSX Composite,Net-Full-Service,0.028422,-0.285471,0.099563,0.300579,7,True
52-Week High Drawdown Dip Buyer,Canada,S&P/TSX Composite,Net-Tax,0.031591,-0.270229,0.116906,0.334806,7,True
52-Week High Drawdown Dip Buyer,China,Shanghai Composite,Buy-and-Hold,0.022187,-0.523355,0.042394,0.214718,1,True
52-Week High Drawdown Dip Buyer,China,Shanghai Composite,Gross,0.012646,-0.459938,0.027495,0.161912,8,True
52-Week High Drawdown Dip Buyer,China,Shanghai Composite,Net-Discount,0.011675,-0.464357,0.025142,0.155655,8,True
52-Week High Drawdown Dip Buyer,China,Shanghai Composite,Net-Full-Service,0.011509,-0.464535,0.024775,0.154595,8,True
52-Week High Drawdown Dip Buyer,China,Shanghai Composite,Net-Tax,0.012646,-0.459938,0.027495,0.161912,8,True
52-Week High Drawdown Dip Buyer,China,Shenzhen Component,Buy-and-Hold,0.004478,-0.60881,0.007355,0.142408,1,True
52-Week High Drawdown Dip Buyer,China,Shenzhen Component,Gross,-0.007762,-0.620886,-0.012502,0.069383,8,True
52-Week High Drawdown Dip Buyer,China,Shenzhen Component,Net-Discount,-0.008802,-0.624983,-0.014083,0.065593,8,True
52-Week High Drawdown Dip Buyer,China,Shenzhen Component,Net-Full-Service,-0.008999,-0.625147,-0.014395,0.064683,8,True
52-Week High Drawdown Dip Buyer,China,Shenzhen Component,Net-Tax,-0.007762,-0.620886,-0.012502,0.069383,8,True
52-Week High Drawdown Dip Buyer,France,CAC 40,Buy-and-Hold,0.038251,-0.385589,0.099202,0.287655,1,True
52-Week High Drawdown Dip Buyer,France,CAC 40,Gross,0.07687,-0.312916,0.245658,0.588567,11,True
52-Week High Drawdown Dip Buyer,France,CAC 40,Net-Discount,0.054985,-0.39609,0.13882,0.385308,11,True
52-Week High Drawdown Dip Buyer,France,CAC 40,Net-Full-Service,0.048496,-0.429553,0.112899,0.339946,11,True
52-Week High Drawdown Dip Buyer,France,CAC 40,Net-Tax,0.058184,-0.381232,0.15262,0.408678,11,True
52-Week High Drawdown Dip Buyer,Germany,DAX 40,Buy-and-Hold,0.072255,-0.387805,0.186318,0.447245,1,True
52-Week High Drawdown Dip Buyer,Germany,DAX 40,Gross,0.053788,-0.332258,0.161886,0.434731,8,True
52-Week High Drawdown Dip Buyer,Germany,DAX 40,Net-Discount,0.043152,-0.358015,0.120532,0.348616,8,True
52-Week High Drawdown Dip Buyer,Germany,DAX 40,Net-Full-Service,0.042816,-0.36049,0.118771,0.345858,8,True
52-Week High Drawdown Dip Buyer,Germany,DAX 40,Net-Tax,0.043171,-0.357828,0.120647,0.348792,8,True
52-Week High Drawdown Dip Buyer,Germany,MDAX,Buy-and-Hold,0.062381,-0.399299,0.156225,0.409792,1,True
52-Week High Drawdown Dip Buyer,Germany,MDAX,Gross,0.055715,-0.359792,0.154854,0.458325,10,True
52-Week High Drawdown Dip Buyer,Germany,MDAX,Net-Discount,0.041772,-0.414656,0.100739,0.333287,10,True
52-Week High Drawdown Dip Buyer,Germany,MDAX,Net-Full-Service,0.041348,-0.416361,0.099307,0.329979,10,True
52-Week High Drawdown Dip Buyer,Germany,MDAX,Net-Tax,0.0418,-0.414515,0.10084,0.333523,10,True
52-Week High Drawdown Dip Buyer,Germany,TecDAX,Buy-and-Hold,0.084311,-0.346007,0.243668,0.497103,1,True
52-Week High Drawdown Dip Buyer,Germany,TecDAX,Gross,0.094912,-0.28688,0.330841,0.711072,16,True
52-Week High Drawdown Dip Buyer,Germany,TecDAX,Net-Discount,0.07821,-0.352137,0.222102,0.531785,16,True
52-Week High Drawdown Dip Buyer,Germany,TecDAX,Net-Full-Service,0.077788,-0.354114,0.219669,0.527686,16,True
52-Week High Drawdown Dip Buyer,Germany,TecDAX,Net-Tax,0.078235,-0.352012,0.222251,0.532072,16,True
52-Week High Drawdown Dip Buyer,India,BSE Sensex,Buy-and-Hold,0.094757,-0.380932,0.248751,0.643743,1,True
52-Week High Drawdown Dip Buyer,India,BSE Sensex,Gross,0.070213,-0.296858,0.236521,0.663376,11,True
52-Week High Drawdown Dip Buyer,India,BSE Sensex,Net-Discount,0.067623,-0.310497,0.217788,0.620618,11,True
52-Week High Drawdown Dip Buyer,India,BSE Sensex,Net-Full-Service,0.063374,-0.328546,0.192891,0.566457,11,True
52-Week High Drawdown Dip Buyer,India,BSE Sensex,Net-Tax,0.068787,-0.305526,0.225141,0.636189,11,True
52-Week High Drawdown Dip Buyer,India,Nifty 50,Buy-and-Hold,0.096294,-0.384636,0.250352,0.652216,1,True
52-Week High Drawdown Dip Buyer,India,Nifty 50,Gross,0.07219,-0.291546,0.24761,0.664623,11,True
52-Week High Drawdown Dip Buyer,India,Nifty 50,Net-Discount,0.069515,-0.30584,0.227293,0.621312,11,True
52-Week High Drawdown Dip Buyer,India,Nifty 50,Net-Full-Service,0.065281,-0.326675,0.199834,0.568679,11,True
52-Week High Drawdown Dip Buyer,India,Nifty 50,Net-Tax,0.070672,-0.300678,0.235042,0.636369,11,True
52-Week High Drawdown Dip Buyer,India,Nifty Bank,Buy-and-Hold,0.10794,-0.478773,0.225452,0.572157,1,True
52-Week High Drawdown Dip Buyer,India,Nifty Bank,Gross,0.096367,-0.430965,0.223607,0.603972,13,True
52-Week High Drawdown Dip Buyer,India,Nifty Bank,Net-Discount,0.09314,-0.459173,0.202842,0.561891,13,True
52-Week High Drawdown Dip Buyer,India,Nifty Bank,Net-Full-Service,0.08856,-0.488884,0.181146,0.523294,13,True
52-Week High Drawdown Dip Buyer,India,Nifty Bank,Net-Tax,0.094354,-0.451239,0.209099,0.572768,13,True
52-Week High Drawdown Dip Buyer,Indonesia,Jakarta Composite Index,Buy-and-Hold,0.057646,-0.412062,0.139896,0.436297,1,True
52-Week High Drawdown Dip Buyer,Indonesia,Jakarta Composite Index,Gross,0.046235,-0.343685,0.134528,0.44473,9,True
52-Week High Drawdown Dip Buyer,Indonesia,Jakarta Composite Index,Net-Discount,0.043364,-0.353897,0.122532,0.413477,9,True
52-Week High Drawdown Dip Buyer,Indonesia,Jakarta Composite Index,Net-Full-Service,0.042734,-0.356164,0.119983,0.406782,9,True
52-Week High Drawdown Dip Buyer,Indonesia,Jakarta Composite Index,Net-Tax,0.046235,-0.343685,0.134528,0.44473,9,True
52-Week High Drawdown Dip Buyer,Italy,FTSE MIB,Buy-and-Hold,0.042996,-0.466626,0.092141,0.296917,1,True
52-Week High Drawdown Dip Buyer,Italy,FTSE MIB,Gross,0.05489,-0.404361,0.135744,0.388941,11,True
52-Week High Drawdown Dip Buyer,Italy,FTSE MIB,Net-Discount,0.042753,-0.452746,0.094431,0.310738,11,True
52-Week High Drawdown Dip Buyer,Italy,FTSE MIB,Net-Full-Service,0.039705,-0.471816,0.084154,0.293223,11,True
52-Week High Drawdown Dip Buyer,Italy,FTSE MIB,Net-Tax,0.043954,-0.44532,0.098702,0.31784,11,True
52-Week High Drawdown Dip Buyer,Japan,Nikkei 225,Buy-and-Hold,0.098063,-0.318137,0.308241,0.553056,1,True
52-Week High Drawdown Dip Buyer,Japan,Nikkei 225,Gross,0.081647,-0.252862,0.322893,0.564469,12,True
52-Week High Drawdown Dip Buyer,Japan,Nikkei 225,Net-Discount,0.071416,-0.271549,0.262996,0.474116,12,True
52-Week High Drawdown Dip Buyer,Japan,Nikkei 225,Net-Full-Service,0.051076,-0.342902,0.148953,0.332179,12,True
52-Week High Drawdown Dip Buyer,Japan,Nikkei 225,Net-Tax,0.072023,-0.269878,0.266873,0.479693,12,True
52-Week High Drawdown Dip Buyer,Mexico,IPC Mexico,Buy-and-Hold,0.031736,-0.363345,0.087344,0.278882,1,True
52-Week High Drawdown Dip Buyer,Mexico,IPC Mexico,Gross,0.052982,-0.19625,0.269972,0.524473,10,True
52-Week High Drawdown Dip Buyer,Mexico,IPC Mexico,Net-Discount,0.046063,-0.214036,0.215213,0.442909,10,True
52-Week High Drawdown Dip Buyer,Mexico,IPC Mexico,Net-Full-Service,0.042968,-0.226155,0.189992,0.407861,10,True
52-Week High Drawdown Dip Buyer,Mexico,IPC Mexico,Net-Tax,0.049036,-0.202563,0.242076,0.478221,10,True
52-Week High Drawdown Dip Buyer,South Korea,KOSDAQ,Buy-and-Hold,0.039449,-0.538887,0.073204,0.290485,1,True
52-Week High Drawdown Dip Buyer,South Korea,KOSDAQ,Gross,0.01955,-0.5247,0.03726,0.200713,10,True
52-Week High Drawdown Dip Buyer,South Korea,KOSDAQ,Net-Discount,0.01603,-0.53808,0.029792,0.181445,10,True
52-Week High Drawdown Dip Buyer,South Korea,KOSDAQ,Net-Full-Service,0.009294,-0.559939,0.016598,0.14891,10,True
52-Week High Drawdown Dip Buyer,South Korea,KOSDAQ,Net-Tax,0.01955,-0.5247,0.03726,0.200713,10,True
52-Week High Drawdown Dip Buyer,South Korea,KOSPI,Buy-and-Hold,0.048562,-0.44008,0.110349,0.367513,1,True
52-Week High Drawdown Dip Buyer,South Korea,KOSPI,Gross,0.027285,-0.316425,0.086228,0.287507,8,True
52-Week High Drawdown Dip Buyer,South Korea,KOSPI,Net-Discount,0.024847,-0.331799,0.074886,0.263489,8,True
52-Week High Drawdown Dip Buyer,South Korea,KOSPI,Net-Full-Service,0.020152,-0.358246,0.056251,0.221109,8,True
52-Week High Drawdown Dip Buyer,South Korea,KOSPI,Net-Tax,0.027285,-0.316425,0.086228,0.287507,8,True
52-Week High Drawdown Dip Buyer,Spain,IBEX 35,Buy-and-Hold,0.03156,-0.485345,0.065027,0.252355,1,True
52-Week High Drawdown Dip Buyer,Spain,IBEX 35,Gross,0.029699,-0.466401,0.063676,0.257981,11,True
52-Week High Drawdown Dip Buyer,Spain,IBEX 35,Net-Discount,0.019702,-0.502205,0.03923,0.197608,11,True
52-Week High Drawdown Dip Buyer,Spain,IBEX 35,Net-Full-Service,0.014621,-0.530359,0.027569,0.17118,11,True
52-Week High Drawdown Dip Buyer,Spain,IBEX 35,Net-Tax,0.02066,-0.502079,0.04115,0.202783,11,True
52-Week High Drawdown Dip Buyer,United Kingdom,FTSE 100,Buy-and-Hold,0.027097,-0.367451,0.073744,0.249547,1,True
52-Week High Drawdown Dip Buyer,United Kingdom,FTSE 100,Gross,0.048373,-0.267284,0.180979,0.506499,9,True
52-Week High Drawdown Dip Buyer,United Kingdom,FTSE 100,Net-Discount,0.041215,-0.291363,0.141455,0.421172,9,True
52-Week High Drawdown Dip Buyer,United Kingdom,FTSE 100,Net-Full-Service,0.035736,-0.317523,0.112548,0.357555,9,True
52-Week High Drawdown Dip Buyer,United Kingdom,FTSE 100,Net-Tax,0.04604,-0.268878,0.171229,0.482566,9,True
52-Week High Drawdown Dip Buyer,United Kingdom,FTSE 250,Buy-and-Hold,0.036043,-0.420804,0.085652,0.298942,1,True
52-Week High Drawdown Dip Buyer,United Kingdom,FTSE 250,Gross,0.03498,-0.351495,0.099519,0.335503,8,True
52-Week High Drawdown Dip Buyer,United Kingdom,FTSE 250,Net-Discount,0.028418,-0.376994,0.075379,0.276457,8,True
52-Week High Drawdown Dip Buyer,United Kingdom,FTSE 250,Net-Full-Service,0.022781,-0.404483,0.056321,0.229594,8,True
52-Week High Drawdown Dip Buyer,United Kingdom,FTSE 250,Net-Tax,0.033371,-0.352988,0.094538,0.322147,8,True
52-Week High Drawdown Dip Buyer,United States,Dow Jones Industrial Average,Buy-and-Hold,0.090645,-0.370878,0.244406,0.599296,1,True
52-Week High Drawdown Dip Buyer,United States,Dow Jones Industrial Average,Gross,0.048393,-0.313719,0.154254,0.455694,7,True
52-Week High Drawdown Dip Buyer,United States,Dow Jones Industrial Average,Net-Discount,0.039498,-0.331708,0.119075,0.365307,7,True
52-Week High Drawdown Dip Buyer,United States,Dow Jones Industrial Average,Net-Full-Service,0.038143,-0.336035,0.113507,0.351538,7,True
52-Week High Drawdown Dip Buyer,United States,Dow Jones Industrial Average,Net-Tax,0.039528,-0.331573,0.119215,0.365644,7,True
52-Week High Drawdown Dip Buyer,United States,Nasdaq Composite,Buy-and-Hold,0.144335,-0.363959,0.396568,0.752144,1,True
52-Week High Drawdown Dip Buyer,United States,Nasdaq Composite,Gross,0.074409,-0.301399,0.24688,0.558264,13,True
52-Week High Drawdown Dip Buyer,United States,Nasdaq Composite,Net-Discount,0.060483,-0.353992,0.170861,0.426596,13,True
52-Week High Drawdown Dip Buyer,United States,Nasdaq Composite,Net-Full-Service,0.058579,-0.364055,0.160908,0.409971,13,True
52-Week High Drawdown Dip Buyer,United States,Nasdaq Composite,Net-Tax,0.060538,-0.353694,0.171159,0.427123,13,True
52-Week High Drawdown Dip Buyer,United States,S&P 500,Buy-and-Hold,0.109658,-0.339263,0.323223,0.681481,1,True
52-Week High Drawdown Dip Buyer,United States,S&P 500,Gross,0.04316,-0.285203,0.151331,0.407492,8,True
52-Week High Drawdown Dip Buyer,United States,S&P 500,Net-Discount,0.034432,-0.306319,0.112407,0.319573,8,True
52-Week High Drawdown Dip Buyer,United States,S&P 500,Net-Full-Service,0.032775,-0.311105,0.105351,0.304339,8,True
52-Week High Drawdown Dip Buyer,United States,S&P 500,Net-Tax,0.034475,-0.306152,0.112606,0.319993,8,True
Bollinger Bands Breakout,Australia,ASX 200,Buy-and-Hold,0.036563,-0.365332,0.100083,0.315013,1,True
Bollinger Bands Breakout,Australia,ASX 200,Gross,0.001767,-0.139561,0.012664,0.059563,66,True
Bollinger Bands Breakout,Australia,ASX 200,Net-Discount,-0.012768,-0.240972,-0.052985,-0.174934,66,True
Bollinger Bands Breakout,Australia,ASX 200,Net-Full-Service,-0.074799,-0.693327,-0.107884,-0.734047,66,True
Bollinger Bands Breakout,Australia,ASX 200,Net-Tax,-0.01186,-0.234851,-0.0505,-0.161958,66,True
Bollinger Bands Breakout,Australia,All Ordinaries,Buy-and-Hold,0.03732,-0.370947,0.100606,0.322703,1,True
Bollinger Bands Breakout,Australia,All Ordinaries,Gross,0.005222,-0.135208,0.038621,0.126869,65,True
Bollinger Bands Breakout,Australia,All Ordinaries,Net-Discount,-0.009093,-0.233162,-0.038999,-0.125439,65,True
Bollinger Bands Breakout,Australia,All Ordinaries,Net-Full-Service,-0.068439,-0.65942,-0.103787,-0.705219,65,True
Bollinger Bands Breakout,Australia,All Ordinaries,Net-Tax,-0.008247,-0.227399,-0.036268,-0.11229,65,True
Bollinger Bands Breakout,Brazil,Ibovespa,Buy-and-Hold,0.051922,-0.476713,0.108916,0.337729,1,True
Bollinger Bands Breakout,Brazil,Ibovespa,Gross,0.027465,-0.33226,0.082662,0.323672,57,True
Bollinger Bands Breakout,Brazil,Ibovespa,Net-Discount,0.025601,-0.345176,0.074167,0.302055,57,True
Bollinger Bands Breakout,Brazil,Ibovespa,Net-Full-Service,-0.009853,-0.508283,-0.019384,-0.006609,57,True
Bollinger Bands Breakout,Brazil,Ibovespa,Net-Tax,0.027465,-0.33226,0.082662,0.323672,57,True
Bollinger Bands Breakout,Canada,S&P/TSX Composite,Buy-and-Hold,0.052466,-0.374265,0.140183,0.422731,1,True
Bollinger Bands Breakout,Canada,S&P/TSX Composite,Gross,0.005507,-0.124873,0.044102,0.144283,60,True
Bollinger Bands Breakout,Canada,S&P/TSX Composite,Net-Discount,9e-05,-0.145478,0.00062,0.025635,60,True
Bollinger Bands Breakout,Canada,S&P/TSX Composite,Net-Full-Service,-0.040086,-0.519319,-0.077189,-0.544515,60,True
Bollinger Bands Breakout,Canada,S&P/TSX Composite,Net-Tax,0.000485,-0.143278,0.003385,0.033962,60,True
Bollinger Bands Breakout,China,Shanghai Composite,Buy-and-Hold,0.022187,-0.523355,0.042394,0.214718,1,True
Bollinger Bands Breakout,China,Shanghai Composite,Gross,0.044349,-0.172577,0.25698,0.495882,58,True
Bollinger Bands Breakout,China,Shanghai Composite,Net-Discount,0.036734,-0.205887,0.178418,0.404808,58,True
Bollinger Bands Breakout,China,Shanghai Composite,Net-Full-Service,0.035636,-0.207423,0.171802,0.393714,58,True
Bollinger Bands Breakout,China,Shanghai Composite,Net-Tax,0.044349,-0.172577,0.25698,0.495882,58,True
Bollinger Bands Breakout,China,Shenzhen Component,Buy-and-Hold,0.004478,-0.60881,0.007355,0.142408,1,True
Bollinger Bands Breakout,China,Shenzhen Component,Gross,0.067812,-0.208997,0.324465,0.610038,49,True
Bollinger Bands Breakout,China,Shenzhen Component,Net-Discount,0.062391,-0.238041,0.262102,0.546481,49,True
Bollinger Bands Breakout,China,Shenzhen Component,Net-Full-Service,0.061697,-0.239267,0.257859,0.540111,49,True
Bollinger Bands Breakout,China,Shenzhen Component,Net-Tax,0.067812,-0.208997,0.324465,0.610038,49,True
Bollinger Bands Breakout,France,CAC 40,Buy-and-Hold,0.038251,-0.385589,0.099202,0.287655,1,True
Bollinger Bands Breakout,France,CAC 40,Gross,0.014234,-0.132406,0.107504,0.232172,53,True
Bollinger Bands Breakout,France,CAC 40,Net-Discount,-0.028996,-0.360766,-0.080373,-0.253962,53,True
Bollinger Bands Breakout,France,CAC 40,Net-Full-Service,-0.152924,-0.917019,-0.166762,-0.632815,53,True
Bollinger Bands Breakout,France,CAC 40,Net-Tax,-0.005165,-0.186236,-0.027736,-0.020053,53,True
Bollinger Bands Breakout,Germany,DAX 40,Buy-and-Hold,0.072255,-0.387805,0.186318,0.447245,1,True
Bollinger Bands Breakout,Germany,DAX 40,Gross,0.018005,-0.151923,0.118513,0.269273,61,True
Bollinger Bands Breakout,Germany,DAX 40,Net-Discount,0.004678,-0.234138,0.01998,0.097226,61,True
Bollinger Bands Breakout,Germany,DAX 40,Net-Full-Service,0.000278,-0.266615,0.001044,0.046746,61,True
Bollinger Bands Breakout,Germany,DAX 40,Net-Tax,0.004977,-0.231685,0.021482,0.100791,61,True
Bollinger Bands Breakout,Germany,MDAX,Buy-and-Hold,0.062381,-0.399299,0.156225,0.409792,1,True
Bollinger Bands Breakout,Germany,MDAX,Gross,0.028409,-0.145795,0.194853,0.408876,57,True
Bollinger Bands Breakout,Germany,MDAX,Net-Discount,0.014354,-0.223206,0.064306,0.206959,57,True
Bollinger Bands Breakout,Germany,MDAX,Net-Full-Service,0.010771,-0.246615,0.043674,0.16372,57,True
Bollinger Bands Breakout,Germany,MDAX,Net-Tax,0.01459,-0.221185,0.065961,0.209963,57,True
Bollinger Bands Breakout,Germany,TecDAX,Buy-and-Hold,0.084311,-0.346007,0.243668,0.497103,1,True
Bollinger Bands Breakout,Germany,TecDAX,Gross,0.003374,-0.211728,0.015937,0.082176,62,True
Bollinger Bands Breakout,Germany,TecDAX,Net-Discount,-0.010468,-0.225691,-0.046384,-0.082551,62,True
Bollinger Bands Breakout,Germany,TecDAX,Net-Full-Service,-0.016052,-0.250611,-0.064052,-0.139271,62,True
Bollinger Bands Breakout,Germany,TecDAX,Net-Tax,-0.010097,-0.223391,-0.045199,-0.078737,62,True
Bollinger Bands Breakout,India,BSE Sensex,Buy-and-Hold,0.094757,-0.380932,0.248751,0.643743,1,True
Bollinger Bands Breakout,India,BSE Sensex,Gross,0.03045,-0.279662,0.108883,0.487022,56,True
Bollinger Bands Breakout,India,BSE Sensex,Net-Discount,0.017597,-0.33382,0.052713,0.276397,56,True
Bollinger Bands Breakout,India,BSE Sensex,Net-Full-Service,-0.028442,-0.553962,-0.051343,-0.250052,56,True
Bollinger Bands Breakout,India,BSE Sensex,Net-Tax,0.026917,-0.290159,0.092766,0.420643,56,True
Bollinger Bands Breakout,India,Nifty 50,Buy-and-Hold,0.096294,-0.384636,0.250352,0.652216,1,True
Bollinger Bands Breakout,India,Nifty 50,Gross,0.031105,-0.238153,0.13061,0.495272,55,True
Bollinger Bands Breakout,India,Nifty 50,Net-Discount,0.018852,-0.285656,0.065994,0.292212,55,True
Bollinger Bands Breakout,India,Nifty 50,Net-Full-Service,-0.022356,-0.477126,-0.046855,-0.184116,55,True
Bollinger Bands Breakout,India,Nifty 50,Net-Tax,0.027562,-0.247641,0.111297,0.428234,55,True
Bollinger Bands Breakout,India,Nifty Bank,Buy-and-Hold,0.10794,-0.478773,0.225452,0.572157,1,True
Bollinger Bands Breakout,India,Nifty Bank,Gross,0.041258,-0.252193,0.163596,0.446328,64,True
Bollinger Bands Breakout,India,Nifty Bank,Net-Discount,0.022886,-0.305397,0.074939,0.249559,64,True
Bollinger Bands Breakout,India,Nifty Bank,Net-Full-Service,-0.036758,-0.667702,-0.055052,-0.12502,64,True
Bollinger Bands Breakout,India,Nifty Bank,Net-Tax,0.033684,-0.27143,0.124099,0.351875,64,True
Bollinger Bands Breakout,Indonesia,Jakarta Composite Index,Buy-and-Hold,0.057646,-0.412062,0.139896,0.436297,1,True
Bollinger Bands Breakout,Indonesia,Jakarta Composite Index,Gross,0.000505,-0.234163,0.002158,0.044209,68,True
Bollinger Bands Breakout,Indonesia,Jakarta Composite Index,Net-Discount,-0.032026,-0.465719,-0.068766,-0.301338,68,True
Bollinger Bands Breakout,Indonesia,Jakarta Composite Index,Net-Full-Service,-0.041522,-0.523133,-0.079371,-0.368203,68,True
Bollinger Bands Breakout,Indonesia,Jakarta Composite Index,Net-Tax,0.000505,-0.234163,0.002158,0.044209,68,True
Bollinger Bands Breakout,Italy,FTSE MIB,Buy-and-Hold,0.042996,-0.466626,0.092141,0.296917,1,True
Bollinger Bands Breakout,Italy,FTSE MIB,Gross,-0.000383,-0.301409,-0.001272,0.038111,61,True
Bollinger Bands Breakout,Italy,FTSE MIB,Net-Discount,-0.029651,-0.411893,-0.071988,-0.247498,61,True
Bollinger Bands Breakout,Italy,FTSE MIB,Net-Full-Service,-0.064251,-0.661747,-0.097093,-0.471106,61,True
Bollinger Bands Breakout,Italy,FTSE MIB,Net-Tax,-0.019504,-0.326676,-0.059704,-0.158052,61,True
Bollinger Bands Breakout,Japan,Nikkei 225,Buy-and-Hold,0.098063,-0.318137,0.308241,0.553056,1,True
Bollinger Bands Breakout,Japan,Nikkei 225,Gross,0.034412,-0.20958,0.164197,0.422316,62,True
Bollinger Bands Breakout,Japan,Nikkei 225,Net-Discount,0.016583,-0.28197,0.058811,0.211133,62,True
Bollinger Bands Breakout,Japan,Nikkei 225,Net-Full-Service,0.0,-1.0,0.0,0.0,62,True
Bollinger Bands Breakout,Japan,Nikkei 225,Net-Tax,0.022459,-0.236857,0.094821,0.276572,62,True
Bollinger Bands Breakout,Mexico,IPC Mexico,Buy-and-Hold,0.031736,-0.363345,0.087344,0.278882,1,True
Bollinger Bands Breakout,Mexico,IPC Mexico,Gross,-0.000198,-0.185145,-0.001069,0.032365,68,True
Bollinger Bands Breakout,Mexico,IPC Mexico,Net-Discount,-0.038721,-0.455026,-0.085097,-0.362984,68,True
Bollinger Bands Breakout,Mexico,IPC Mexico,Net-Full-Service,-0.112548,-0.833004,-0.135111,-0.59124,68,True
Bollinger Bands Breakout,Mexico,IPC Mexico,Net-Tax,-0.004155,-0.198731,-0.020909,-0.021991,68,True
Bollinger Bands Breakout,South Korea,KOSDAQ,Buy-and-Hold,0.039449,-0.538887,0.073204,0.290485,1,True
Bollinger Bands Breakout,South Korea,KOSDAQ,Gross,0.025108,-0.147102,0.170682,0.358693,40,True
Bollinger Bands Breakout,South Korea,KOSDAQ,Net-Discount,0.010616,-0.230923,0.04597,0.166094,40,True
Bollinger Bands Breakout,South Korea,KOSDAQ,Net-Full-Service,-0.027296,-0.470982,-0.057956,-0.183356,40,True
Bollinger Bands Breakout,South Korea,KOSDAQ,Net-Tax,0.025108,-0.147102,0.170682,0.358693,40,True
Bollinger Bands Breakout,South Korea,KOSPI,Buy-and-Hold,0.048562,-0.44008,0.110349,0.367513,1,True
Bollinger Bands Breakout,South Korea,KOSPI,Gross,0.043497,-0.136584,0.318463,0.642963,53,True
Bollinger Bands Breakout,South Korea,KOSPI,Net-Discount,0.030033,-0.282929,0.106152,0.39018,53,True
Bollinger Bands Breakout,South Korea,KOSPI,Net-Full-Service,-0.002138,-0.619061,-0.003454,0.060654,53,True
Bollinger Bands Breakout,South Korea,KOSPI,Net-Tax,0.043497,-0.136584,0.318463,0.642963,53,True
Bollinger Bands Breakout,Spain,IBEX 35,Buy-and-Hold,0.03156,-0.485345,0.065027,0.252355,1,True
Bollinger Bands Breakout,Spain,IBEX 35,Gross,-0.004556,-0.232312,-0.019611,-0.023023,61,True
Bollinger Bands Breakout,Spain,IBEX 35,Net-Discount,-0.023153,-0.320996,-0.072127,-0.24095,61,True
Bollinger Bands Breakout,Spain,IBEX 35,Net-Full-Service,-0.069602,-0.675937,-0.102972,-0.549709,61,True
Bollinger Bands Breakout,Spain,IBEX 35,Net-Tax,-0.015697,-0.285773,-0.054927,-0.155283,61,True
Bollinger Bands Breakout,United Kingdom,FTSE 100,Buy-and-Hold,0.027097,-0.367451,0.073744,0.249547,1,True
Bollinger Bands Breakout,United Kingdom,FTSE 100,Gross,-0.013996,-0.267802,-0.052261,-0.260483,57,True
Bollinger Bands Breakout,United Kingdom,FTSE 100,Net-Discount,-0.076777,-0.703855,-0.109081,-0.916397,57,True
Bollinger Bands Breakout,United Kingdom,FTSE 100,Net-Full-Service,0.0,-1.0,0.0,0.0,57,True
Bollinger Bands Breakout,United Kingdom,FTSE 100,Net-Tax,-0.013996,-0.267802,-0.052261,-0.260483,57,True
Bollinger Bands Breakout,United Kingdom,FTSE 250,Buy-and-Hold,0.036043,-0.420804,0.085652,0.298942,1,True
Bollinger Bands Breakout,United Kingdom,FTSE 250,Gross,0.000888,-0.163605,0.005428,0.044526,65,True
Bollinger Bands Breakout,United Kingdom,FTSE 250,Net-Discount,-0.078382,-0.733683,-0.106834,-0.753059,65,True
Bollinger Bands Breakout,United Kingdom,FTSE 250,Net-Full-Service,0.0,-1.0,0.0,0.0,65,True
Bollinger Bands Breakout,United Kingdom,FTSE 250,Net-Tax,0.000888,-0.163605,0.005428,0.044526,65,True
Bollinger Bands Breakout,United States,Dow Jones Industrial Average,Buy-and-Hold,0.090645,-0.370878,0.244406,0.599296,1,True
Bollinger Bands Breakout,United States,Dow Jones Industrial Average,Gross,0.018713,-0.136268,0.137327,0.346468,62,True
Bollinger Bands Breakout,United States,Dow Jones Industrial Average,Net-Discount,0.008458,-0.167543,0.050484,0.162646,62,True
Bollinger Bands Breakout,United States,Dow Jones Industrial Average,Net-Full-Service,-0.012356,-0.245936,-0.05024,-0.115881,62,True
Bollinger Bands Breakout,United States,Dow Jones Industrial Average,Net-Tax,0.008941,-0.165639,0.05398,0.170661,62,True
Bollinger Bands Breakout,United States,Nasdaq Composite,Buy-and-Hold,0.144335,-0.363959,0.396568,0.752144,1,True
Bollinger Bands Breakout,United States,Nasdaq Composite,Gross,0.012115,-0.203499,0.059536,0.191986,63,True
Bollinger Bands Breakout,United States,Nasdaq Composite,Net-Discount,-0.000416,-0.243102,-0.001711,0.039558,63,True
Bollinger Bands Breakout,United States,Nasdaq Composite,Net-Full-Service,-0.024931,-0.392045,-0.063593,-0.168359,63,True
Bollinger Bands Breakout,United States,Nasdaq Composite,Net-Tax,0.000164,-0.237843,0.000692,0.045849,63,True
Bollinger Bands Breakout,United States,S&P 500,Buy-and-Hold,0.109658,-0.339263,0.323223,0.681481,1,True
Bollinger Bands Breakout,United States,S&P 500,Gross,0.009798,-0.113785,0.086107,0.199249,56,True
Bollinger Bands Breakout,United States,S&P 500,Net-Discount,0.00117,-0.141739,0.008253,0.04998,56,True
Bollinger Bands Breakout,United States,S&P 500,Net-Full-Service,-0.019683,-0.311074,-0.063276,-0.226429,56,True
Bollinger Bands Breakout,United States,S&P 500,Net-Tax,0.001625,-0.140534,0.01156,0.057327,56,True
Seasonal Halloween Rule (Nov-Apr),Australia,ASX 200,Buy-and-Hold,0.036563,-0.365332,0.100083,0.315013,1,True
Seasonal Halloween Rule (Nov-Apr),Australia,ASX 200,Gross,0.038771,-0.365305,0.106134,0.403634,16,True
Seasonal Halloween Rule (Nov-Apr),Australia,ASX 200,Net-Discount,0.022056,-0.416239,0.052989,0.234085,16,True
Seasonal Halloween Rule (Nov-Apr),Australia,ASX 200,Net-Full-Service,0.012952,-0.44263,0.029261,0.162527,16,True
Seasonal Halloween Rule (Nov-Apr),Australia,ASX 200,Net-Tax,0.022195,-0.415687,0.053394,0.235308,16,True
Seasonal Halloween Rule (Nov-Apr),Australia,All Ordinaries,Buy-and-Hold,0.03732,-0.370947,0.100606,0.322703,1,True
Seasonal Halloween Rule (Nov-Apr),Australia,All Ordinaries,Gross,0.036886,-0.37092,0.099446,0.390925,16,True
Seasonal Halloween Rule (Nov-Apr),Australia,All Ordinaries,Net-Discount,0.020491,-0.42054,0.048726,0.223843,16,True
Seasonal Halloween Rule (Nov-Apr),Australia,All Ordinaries,Net-Full-Service,0.011406,-0.447361,0.025497,0.151762,16,True
Seasonal Halloween Rule (Nov-Apr),Australia,All Ordinaries,Net-Tax,0.020633,-0.419967,0.04913,0.225102,16,True
Seasonal Halloween Rule (Nov-Apr),Brazil,Ibovespa,Buy-and-Hold,0.051922,-0.476713,0.108916,0.337729,1,True
Seasonal Halloween Rule (Nov-Apr),Brazil,Ibovespa,Gross,0.025373,-0.468158,0.054198,0.233819,16,True
Seasonal Halloween Rule (Nov-Apr),Brazil,Ibovespa,Net-Discount,0.024376,-0.470321,0.051828,0.227836,16,True
Seasonal Halloween Rule (Nov-Apr),Brazil,Ibovespa,Net-Full-Service,0.014901,-0.502772,0.029637,0.175164,16,True
Seasonal Halloween Rule (Nov-Apr),Brazil,Ibovespa,Net-Tax,0.024964,-0.468158,0.053323,0.231435,16,True
Seasonal Halloween Rule (Nov-Apr),Canada,S&P/TSX Composite,Buy-and-Hold,0.052466,-0.374265,0.140183,0.422731,1,True
Seasonal Halloween Rule (Nov-Apr),Canada,S&P/TSX Composite,Gross,0.042128,-0.374251,0.112567,0.419061,16,True
Seasonal Halloween Rule (Nov-Apr),Canada,S&P/TSX Composite,Net-Discount,0.034877,-0.392457,0.088867,0.343592,16,True
Seasonal Halloween Rule (Nov-Apr),Canada,S&P/TSX Composite,Net-Full-Service,0.027665,-0.418678,0.066077,0.273937,16,True
Seasonal Halloween Rule (Nov-Apr),Canada,S&P/TSX Composite,Net-Tax,0.034942,-0.392194,0.089094,0.344288,16,True
Seasonal Halloween Rule (Nov-Apr),China,Shanghai Composite,Buy-and-Hold,0.022187,-0.523355,0.042394,0.214718,1,True
Seasonal Halloween Rule (Nov-Apr),China,Shanghai Composite,Gross,0.037783,-0.310152,0.121821,0.349251,16,True
Seasonal Halloween Rule (Nov-Apr),China,Shanghai Composite,Net-Discount,0.035604,-0.324872,0.109595,0.330587,16,True
Seasonal Halloween Rule (Nov-Apr),China,Shanghai Composite,Net-Full-Service,0.035296,-0.325466,0.108448,0.328238,16,True
Seasonal Halloween Rule (Nov-Apr),China,Shanghai Composite,Net-Tax,0.037783,-0.310152,0.121821,0.349251,16,True
Seasonal Halloween Rule (Nov-Apr),China,Shenzhen Component,Buy-and-Hold,0.004478,-0.60881,0.007355,0.142408,1,True
Seasonal Halloween Rule (Nov-Apr),China,Shenzhen Component,Gross,0.016866,-0.434606,0.038807,0.187501,16,True
Seasonal Halloween Rule (Nov-Apr),China,Shenzhen Component,Net-Discount,0.014355,-0.447605,0.032071,0.172655,16,True
Seasonal Halloween Rule (Nov-Apr),China,Shenzhen Component,Net-Full-Service,0.014034,-0.448504,0.03129,0.170781,16,True
Seasonal Halloween Rule (Nov-Apr),China,Shenzhen Component,Net-Tax,0.016866,-0.434606,0.038807,0.187501,16,True
Seasonal Halloween Rule (Nov-Apr),France,CAC 40,Buy-and-Hold,0.038251,-0.385589,0.099202,0.287655,1,True
Seasonal Halloween Rule (Nov-Apr),France,CAC 40,Gross,0.060863,-0.385585,0.157847,0.494316,16,True
Seasonal Halloween Rule (Nov-Apr),France,CAC 40,Net-Discount,0.029627,-0.520571,0.056913,0.247566,16,True
Seasonal Halloween Rule (Nov-Apr),France,CAC 40,Net-Full-Service,0.017172,-0.595496,0.028837,0.18731,16,True
Seasonal Halloween Rule (Nov-Apr),France,CAC 40,Net-Tax,0.035241,-0.487954,0.072223,0.279858,16,True
Seasonal Halloween Rule (Nov-Apr),Germany,DAX 40,Buy-and-Hold,0.072255,-0.387805,0.186318,0.447245,1,True
Seasonal Halloween Rule (Nov-Apr),Germany,DAX 40,Gross,0.079558,-0.387794,0.205156,0.614225,16,True
Seasonal Halloween Rule (Nov-Apr),Germany,DAX 40,Net-Discount,0.059741,-0.459631,0.129976,0.425296,16,True
Seasonal Halloween Rule (Nov-Apr),Germany,DAX 40,Net-Full-Service,0.059206,-0.463958,0.12761,0.420657,16,True
Seasonal Halloween Rule (Nov-Apr),Germany,DAX 40,Net-Tax,0.059775,-0.45922,0.130167,0.42564,16,True
Seasonal Halloween Rule (Nov-Apr),Germany,MDAX,Buy-and-Hold,0.062381,-0.399299,0.156225,0.409792,1,True
Seasonal Halloween Rule (Nov-Apr),Germany,MDAX,Gross,0.073246,-0.389907,0.187855,0.593012,16,True
Seasonal Halloween Rule (Nov-Apr),Germany,MDAX,Net-Discount,0.053596,-0.455212,0.117738,0.399417,16,True
Seasonal Halloween Rule (Nov-Apr),Germany,MDAX,Net-Full-Service,0.053014,-0.457428,0.115897,0.394646,16,True
Seasonal Halloween Rule (Nov-Apr),Germany,MDAX,Net-Tax,0.053633,-0.454994,0.117876,0.399757,16,True
Seasonal Halloween Rule (Nov-Apr),Germany,TecDAX,Buy-and-Hold,0.084311,-0.346007,0.243668,0.497103,1,True
Seasonal Halloween Rule (Nov-Apr),Germany,TecDAX,Gross,0.089174,-0.331836,0.26873,0.670758,16,True
Seasonal Halloween Rule (Nov-Apr),Germany,TecDAX,Net-Discount,0.068667,-0.391706,0.175302,0.468431,16,True
Seasonal Halloween Rule (Nov-Apr),Germany,TecDAX,Net-Full-Service,0.068191,-0.393317,0.173373,0.464439,16,True
Seasonal Halloween Rule (Nov-Apr),Germany,TecDAX,Net-Tax,0.068697,-0.391548,0.17545,0.468728,16,True
Seasonal Halloween Rule (Nov-Apr),India,BSE Sensex,Buy-and-Hold,0.094757,-0.380932,0.248751,0.643743,1,True
Seasonal Halloween Rule (Nov-Apr),India,BSE Sensex,Gross,0.02103,-0.380701,0.055241,0.233936,16,True
Seasonal Halloween Rule (Nov-Apr),India,BSE Sensex,Net-Discount,0.017402,-0.396812,0.043855,0.201627,16,True
Seasonal Halloween Rule (Nov-Apr),India,BSE Sensex,Net-Full-Service,0.00982,-0.422708,0.023232,0.142344,16,True
Seasonal Halloween Rule (Nov-Apr),India,BSE Sensex,Net-Tax,0.019603,-0.38928,0.050358,0.220453,16,True
Seasonal Halloween Rule (Nov-Apr),India,Nifty 50,Buy-and-Hold,0.096294,-0.384636,0.250352,0.652216,1,True
Seasonal Halloween Rule (Nov-Apr),India,Nifty 50,Gross,0.023464,-0.384399,0.061041,0.254183,16,True
Seasonal Halloween Rule (Nov-Apr),India,Nifty 50,Net-Discount,0.019812,-0.401273,0.049373,0.220721,16,True
Seasonal Halloween Rule (Nov-Apr),India,Nifty 50,Net-Full-Service,0.012316,-0.427637,0.0288,0.160662,16,True
Seasonal Halloween Rule (Nov-Apr),India,Nifty 50,Net-Tax,0.02198,-0.393634,0.055838,0.239687,16,True
Seasonal Halloween Rule (Nov-Apr),India,Nifty Bank,Buy-and-Hold,0.10794,-0.478773,0.225452,0.572157,1,True
Seasonal Halloween Rule (Nov-Apr),India,Nifty Bank,Gross,0.03748,-0.478556,0.078318,0.309727,16,True
Seasonal Halloween Rule (Nov-Apr),India,Nifty Bank,Net-Discount,0.031781,-0.510959,0.0622,0.269292,16,True
Seasonal Halloween Rule (Nov-Apr),India,Nifty Bank,Net-Full-Service,0.024084,-0.540866,0.044529,0.224083,16,True
Seasonal Halloween Rule (Nov-Apr),India,Nifty Bank,Net-Tax,0.033924,-0.502588,0.067498,0.283061,16,True
Seasonal Halloween Rule (Nov-Apr),Indonesia,Jakarta Composite Index,Buy-and-Hold,0.057646,-0.412062,0.139896,0.436297,1,True
Seasonal Halloween Rule (Nov-Apr),Indonesia,Jakarta Composite Index,Gross,0.032468,-0.385359,0.084253,0.347516,16,True
Seasonal Halloween Rule (Nov-Apr),Indonesia,Jakarta Composite Index,Net-Discount,0.025774,-0.411084,0.062699,0.279344,16,True
Seasonal Halloween Rule (Nov-Apr),Indonesia,Jakarta Composite Index,Net-Full-Service,0.024258,-0.416834,0.058195,0.26479,16,True
Seasonal Halloween Rule (Nov-Apr),Indonesia,Jakarta Composite Index,Net-Tax,0.032468,-0.385359,0.084253,0.347516,16,True
Seasonal Halloween Rule (Nov-Apr),Italy,FTSE MIB,Buy-and-Hold,0.042996,-0.466626,0.092141,0.296917,1,True
Seasonal Halloween Rule (Nov-Apr),Italy,FTSE MIB,Gross,0.063748,-0.415417,0.153456,0.45895,16,True
Seasonal Halloween Rule (Nov-Apr),Italy,FTSE MIB,Net-Discount,0.042065,-0.485233,0.08669,0.309439,16,True
Seasonal Halloween Rule (Nov-Apr),Italy,FTSE MIB,Net-Full-Service,0.03753,-0.503025,0.074609,0.283652,16,True
Seasonal Halloween Rule (Nov-Apr),Italy,FTSE MIB,Net-Tax,0.043783,-0.479167,0.091372,0.319579,16,True
Seasonal Halloween Rule (Nov-Apr),Japan,Nikkei 225,Buy-and-Hold,0.098063,-0.318137,0.308241,0.553056,1,True
Seasonal Halloween Rule (Nov-Apr),Japan,Nikkei 225,Gross,0.045422,-0.351751,0.12913,0.373132,16,True
Seasonal Halloween Rule (Nov-Apr),Japan,Nikkei 225,Net-Discount,0.032157,-0.411868,0.078077,0.275112,16,True
Seasonal Halloween Rule (Nov-Apr),Japan,Nikkei 225,Net-Full-Service,-0.026631,-0.678378,-0.039256,0.05016,16,True
Seasonal Halloween Rule (Nov-Apr),Japan,Nikkei 225,Net-Tax,0.033361,-0.403658,0.082647,0.283409,16,True
Seasonal Halloween Rule (Nov-Apr),Mexico,IPC Mexico,Buy-and-Hold,0.031736,-0.363345,0.087344,0.278882,1,True
Seasonal Halloween Rule (Nov-Apr),Mexico,IPC Mexico,Gross,0.032611,-0.314517,0.103685,0.34165,16,True
Seasonal Halloween Rule (Nov-Apr),Mexico,IPC Mexico,Net-Discount,0.024299,-0.347412,0.069943,0.260292,16,True
Seasonal Halloween Rule (Nov-Apr),Mexico,IPC Mexico,Net-Full-Service,0.019064,-0.390687,0.048795,0.212561,16,True
Seasonal Halloween Rule (Nov-Apr),Mexico,IPC Mexico,Net-Tax,0.029185,-0.316132,0.092319,0.30936,16,True
Seasonal Halloween Rule (Nov-Apr),South Korea,KOSDAQ,Buy-and-Hold,0.039449,-0.538887,0.073204,0.290485,1,True
Seasonal Halloween Rule (Nov-Apr),South Korea,KOSDAQ,Gross,0.075957,-0.381524,0.199089,0.565228,16,True
Seasonal Halloween Rule (Nov-Apr),South Korea,KOSDAQ,Net-Discount,0.072286,-0.396482,0.182318,0.52756,16,True
Seasonal Halloween Rule (Nov-Apr),South Korea,KOSDAQ,Net-Full-Service,0.06483,-0.422141,0.153574,0.461485,16,True
Seasonal Halloween Rule (Nov-Apr),South Korea,KOSDAQ,Net-Tax,0.075957,-0.381524,0.199089,0.565228,16,True
Seasonal Halloween Rule (Nov-Apr),South Korea,KOSPI,Buy-and-Hold,0.048562,-0.44008,0.110349,0.367513,1,True
Seasonal Halloween Rule (Nov-Apr),South Korea,KOSPI,Gross,0.0462,-0.357089,0.12938,0.435147,16,True
Seasonal Halloween Rule (Nov-Apr),South Korea,KOSPI,Net-Discount,0.041844,-0.374828,0.111634,0.38777,16,True
Seasonal Halloween Rule (Nov-Apr),South Korea,KOSPI,Net-Full-Service,0.033131,-0.406008,0.081603,0.305959,16,True
Seasonal Halloween Rule (Nov-Apr),South Korea,KOSPI,Net-Tax,0.0462,-0.357089,0.12938,0.435147,16,True
Seasonal Halloween Rule (Nov-Apr),Spain,IBEX 35,Buy-and-Hold,0.03156,-0.485345,0.065027,0.252355,1,True
Seasonal Halloween Rule (Nov-Apr),Spain,IBEX 35,Gross,0.036655,-0.394343,0.092952,0.317287,16,True
Seasonal Halloween Rule (Nov-Apr),Spain,IBEX 35,Net-Discount,0.020762,-0.452563,0.045877,0.206064,16,True
Seasonal Halloween Rule (Nov-Apr),Spain,IBEX 35,Net-Full-Service,0.014338,-0.511497,0.028031,0.168794,16,True
Seasonal Halloween Rule (Nov-Apr),Spain,IBEX 35,Net-Tax,0.022197,-0.452235,0.049082,0.214635,16,True
Seasonal Halloween Rule (Nov-Apr),United Kingdom,FTSE 100,Buy-and-Hold,0.027097,-0.367451,0.073744,0.249547,1,True
Seasonal Halloween Rule (Nov-Apr),United Kingdom,FTSE 100,Gross,0.038532,-0.349295,0.110313,0.392285,16,True
Seasonal Halloween Rule (Nov-Apr),United Kingdom,FTSE 100,Net-Discount,0.027663,-0.380176,0.072764,0.282914,16,True
Seasonal Halloween Rule (Nov-Apr),United Kingdom,FTSE 100,Net-Full-Service,0.016561,-0.422774,0.039173,0.188388,16,True
Seasonal Halloween Rule (Nov-Apr),United Kingdom,FTSE 100,Net-Tax,0.036811,-0.349426,0.105347,0.376203,16,True
Seasonal Halloween Rule (Nov-Apr),United Kingdom,FTSE 250,Buy-and-Hold,0.036043,-0.420804,0.085652,0.298942,1,True
Seasonal Halloween Rule (Nov-Apr),United Kingdom,FTSE 250,Gross,0.048021,-0.419689,0.11442,0.461394,16,True
Seasonal Halloween Rule (Nov-Apr),United Kingdom,FTSE 250,Net-Discount,0.0328,-0.464027,0.070685,0.308849,16,True
Seasonal Halloween Rule (Nov-Apr),United Kingdom,FTSE 250,Net-Full-Service,0.020252,-0.50613,0.040014,0.208595,16,True
Seasonal Halloween Rule (Nov-Apr),United Kingdom,FTSE 250,Net-Tax,0.042942,-0.430247,0.099808,0.407538,16,True
Seasonal Halloween Rule (Nov-Apr),United States,Dow Jones Industrial Average,Buy-and-Hold,0.090645,-0.370878,0.244406,0.599296,1,True
Seasonal Halloween Rule (Nov-Apr),United States,Dow Jones Industrial Average,Gross,0.055439,-0.370862,0.149488,0.482991,16,True
Seasonal Halloween Rule (Nov-Apr),United States,Dow Jones Industrial Average,Net-Discount,0.040763,-0.417221,0.097701,0.34096,16,True
Seasonal Halloween Rule (Nov-Apr),United States,Dow Jones Industrial Average,Net-Full-Service,0.037703,-0.431195,0.087438,0.316089,16,True
Seasonal Halloween Rule (Nov-Apr),United States,Dow Jones Industrial Average,Net-Tax,0.040858,-0.416673,0.098059,0.341815,16,True
Seasonal Halloween Rule (Nov-Apr),United States,Nasdaq Composite,Buy-and-Hold,0.144335,-0.363959,0.396568,0.752144,1,True
Seasonal Halloween Rule (Nov-Apr),United States,Nasdaq Composite,Gross,0.065021,-0.301157,0.215905,0.484554,16,True
Seasonal Halloween Rule (Nov-Apr),United States,Nasdaq Composite,Net-Discount,0.048391,-0.349419,0.13849,0.349629,16,True
Seasonal Halloween Rule (Nov-Apr),United States,Nasdaq Composite,Net-Full-Service,0.045634,-0.362082,0.126033,0.330775,16,True
Seasonal Halloween Rule (Nov-Apr),United States,Nasdaq Composite,Net-Tax,0.048479,-0.349023,0.1389,0.350285,16,True
Seasonal Halloween Rule (Nov-Apr),United States,S&P 500,Buy-and-Hold,0.109658,-0.339263,0.323223,0.681481,1,True
Seasonal Halloween Rule (Nov-Apr),United States,S&P 500,Gross,0.062402,-0.33925,0.183942,0.525395,16,True
Seasonal Halloween Rule (Nov-Apr),United States,S&P 500,Net-Discount,0.047727,-0.380489,0.125436,0.380545,16,True
Seasonal Halloween Rule (Nov-Apr),United States,S&P 500,Net-Full-Service,0.044945,-0.390281,0.115161,0.35685,16,True
Seasonal Halloween Rule (Nov-Apr),United States,S&P 500,Net-Tax,0.047815,-0.380081,0.125802,0.381371,16,True
